username,labels
Trmpwin,1.0
leitmarvin,1.0
ShitpostBot5000,1.0
DadaistBot,1.0
salazarcedillo2,1.0
HydroElections,1.0
RedScareBot,1.0
godtributes,1.0
charjoe2000,1.0
haikuthegibson,1.0
MetaphorMagnet,1.0
kpieper876,1.0
Truth777True,1.0
PGApparel,1.0
mubbi_muhammad,1.0
chashmiss,1.0
snurbbotinfo,1.0
PfannKPolizei,1.0
sextsbot,1.0
IMayTalkStuff,1.0
Teddysmom1,1.0
MichaelGreens12,1.0
raphaelha67,1.0
the__waves,1.0
infinite_scream,1.0
blizzardbing,1.0
BrundageBot,1.0
SpaceJamBot,1.0
PoCorGTFOBot,1.0
MikeSmi66563284,1.0
probabot_,1.0
i7promptbot,1.0
JessicaMill16,1.0
LarryMathieson,1.0
edward_spratt,1.0
asatiani6,1.0
hyomin1914,1.0
TrumpsBrit,1.0
Event_Registry,1.0
Stes2801,1.0
BOTUS,1.0
DarkMoneyDt,1.0
ElastigirlVotes,1.0
porpentina2017,1.0
ProfSybill,1.0
QueenieG2017,1.0
AlastorMoody6,1.0
CMDR_Paylor,1.0
LunaLuvgood2020,1.0
txmockingjay,1.0
Anthony_ofYork,1.0
natasharesists,1.0
Coulson2020,1.0
AgentCarter_SSR,1.0
WolverineResist,1.0
Leeceea1,1.0
48Jerk,1.0
MsContrarianSci,1.0
ihavegreatshoes,1.0
nsfraudbuster,1.0
JohnFromCranber,1.0
POLITICSandFUN,1.0
Hoosiers1986,1.0
TreyDwag2020,1.0
Deplorable80210,1.0
G_ozzy,1.0
EjHirschberger,1.0
noah1981us,1.0
NWOinPanicMode,1.0
AD_WHITMAN,1.0
zurvollenstunde,1.0
AliceDiana12,1.0
Rheumbot,1.0
TaylorSFak444,1.0
seanperciv86428,1.0
CristyDanford,1.0
Marianocrt,1.0
anilmuppidi,1.0
arturconandoyle,1.0
wandaledh,1.0
dnomaidBot,1.0
theresamaybot,1.0
IoT_Chain,1.0
_primes_,1.0
RunicLoon,1.0
worldnews_5,1.0
WeRaBot,1.0
knowledgebott,1.0
nalla14,1.0
SupAllStreamers,1.0
fckeveryword,1.0
NancyRuhling,1.0
Ali34277,1.0
iembot,1.0
InfoSecHotSpot,1.0
x777xx86,1.0
big_ben_clock,1.0
earthquakesSF,1.0
Jessicapham104,1.0
Ketaminnne,1.0
liulin1221,1.0
marchforscienc,1.0
UndergradEasier,1.0
tomwyatt,1.0
marwan_atile,1.0
kausaruli,1.0
VistaUniverse,1.0
MarcosCasuo,1.0
catmer87,1.0
EarthParazeAos,1.0
1reasontogo,1.0
emoji_dna,1.0
Sunlight_Bot,1.0
_valley_sunset_,1.0
EmojiWeatherCA,1.0
palitra_color,1.0
schmuckbot,1.0
researchinator,1.0
lighthousewiki,1.0
color_parrot,1.0
PlanMyDayBot,1.0
alignment_bot,1.0
TilingBot,1.0
ReadMeLikeABot,1.0
everyringfort,1.0
ROB0TIUS,1.0
RedwallFeasts,1.0
megacities1,1.0
WritersBlockBot,1.0
EmojiSnakeGame,1.0
among_stars_,1.0
doorsateight,1.0
BotZodiac,1.0
palette_gen,1.0
paintingwmusic,1.0
WikiPlotBot,1.0
yearProgressHeb,1.0
WikipediaDelete,1.0
BotClassroom,1.0
a_softer,1.0
eecummings_bot,1.0
FilmRevisionist,1.0
SnailFact,1.0
MillennialMurd1,1.0
WesAndFilmBot,1.0
RoadTripBot_,1.0
partyblowup,1.0
tarojibot,1.0
Emojimuseet,1.0
helloworld__bot,1.0
new_fruits,1.0
furniture_gen,1.0
ANWarriorBot,1.0
LetsPlayTrivia,1.0
NuclearTrains,1.0
FlyFAA_Deicing,1.0
PatternRandom,1.0
RollDiceBot,1.0
IssOverhead,1.0
CSPANFive,1.0
bot_enough,1.0
fake_find,1.0
eatroastbeef,1.0
glitch80bot,1.0
AColourEveryDay,1.0
Cypher_B0t,1.0
PKMNOldMan,1.0
RandomColorGen,1.0
winthroplaundry,1.0
notyourbot1,1.0
HSollewitt,1.0
trendingpalette,1.0
nondenotative,1.0
MuseumGenerator,1.0
soundcloudsaid,1.0
xislikeay,1.0
gendercakes,1.0
osxthemes,1.0
BotMondrian,1.0
BodegaBot,1.0
Rene_Damaul,1.0
100Aux,1.0
botribunal,1.0
deltron_f,1.0
brokenpatterns,1.0
WyWilderness,1.0
BotQuilt,1.0
Bartlebythebot,1.0
bot_abandoned,1.0
Moondogbot,1.0
_AARON_bot,1.0
30minutemix,1.0
Lightbothouse,1.0
ishipitbot,1.0
NPS20180007Bot,1.0
EffDeeEmmu,1.0
HConstellations,1.0
Selfdisembowel,1.0
wolf_clock,1.0
softlandscapes,1.0
BotDuCul,1.0
starnearyou,1.0
nonogram_bot,1.0
JPEGBot,1.0
soundesignquery,1.0
everylotnyc,1.0
tinydotblot,1.0
emojiatlas,1.0
TinyDungeons,1.0
tiny_street,1.0
tiny_mssn_ctrl,1.0
ArpObservatory,1.0
actual_ransom,1.0
50hexofgrey,1.0
365sparkles,1.0
100yearsrising,1.0
glas_veil,1.0
PixelMonsterBot,1.0
dynamicportrai1,1.0
OminousZoom,1.0
MadcoilA,1.0
CityDescriber,1.0
SmoothUnicode,1.0
AdventureNames,1.0
latinonamebot,1.0
sorryenglishbot,1.0
graphmosphere,1.0
FoodieMenuBot,1.0
USDumpsterFire,1.0
lovelivesbot,1.0
fearwantbot,1.0
rhymerobot,1.0
onthisdayrobot,1.0
phl_abatements,1.0
Rothko_Bot,1.0
diehard_1988,1.0
ghostbusters_84,1.0
RestroomGender,1.0
corrupt_memory,1.0
GlitchLogos,1.0
InstallingJava,1.0
AAAAAAAStudents,1.0
BotSpill,1.0
southpoleviews,1.0
randomlivetext,1.0
assortedfiles,1.0
autodoyle,1.0
some_flags,1.0
GhostOfBotPast,1.0
ActSciBot,1.0
folkloricbot,1.0
BraffPatterns,1.0
whinygenealogy,1.0
openbenches,1.0
tinylittlehomes,1.0
Strange_Museum,1.0
FlagsFalse,1.0
showoff_ebooks,1.0
GraphicScoreBot,1.0
botcocktails,1.0
Whinge_Bot,1.0
visualrecordbot,1.0
TinyColorPoems,1.0
extracapitalism,1.0
OffbeatRPG,1.0
costumebot,1.0
JudithBotler,1.0
Smoothiebot,1.0
ruestungshaul,1.0
imgfkr,1.0
spiraesthetic,1.0
winampskins,1.0
realfestivals,1.0
AnarrestiName,1.0
Open_Brother,1.0
DadaistTwit,1.0
BokuWaKinoDesu,1.0
So_YouBotDetntn,1.0
RebottaSugar,1.0
GameDesignXpert,1.0
No_hay_bot,1.0
officefridgebot,1.0
10printbot,1.0
mythlibs,1.0
PlanetarySurvey,1.0
winter_scapes,1.0
ImprovChallenge,1.0
bitsofsaturn,1.0
TorfsBot,1.0
IedereenKevin,1.0
choosetoaccept,1.0
civicissues,1.0
MI6Archives,1.0
2fistedstories,1.0
NanceBot,1.0
VitaVirginiaBot,1.0
infinite_zodiac,1.0
FPAdventuresBot,1.0
dot_scr,1.0
spacesh1ps,1.0
jeorkov,1.0
tinysightings,1.0
autoRNG,1.0
WITCHES_WIZARDS,1.0
best_in_dumbest,1.0
p0em_bot,1.0
art_museum_bot,1.0
doskvolscores,1.0
firici_vici,1.0
botifyouagree,1.0
poetranslator,1.0
findyourreps,1.0
EmojiGenderBot,1.0
1StarLandmarks,1.0
AdjectiveInCity,1.0
happyendingbot,1.0
emojitracks,1.0
FoleyArtists,1.0
dailysicp,1.0
bot_de_colores,1.0
Abolish_ICE_Now,1.0
BotEquippedWith,1.0
mauritscorneIis,1.0
wikitimelines,1.0
DailyPianoScale,1.0
bedbugbot,1.0
dragonhoards,1.0
JoyOfBotRoss,1.0
resenhabot,1.0
cientistas_bot,1.0
osalgoritmos,1.0
CozinhaBot,1.0
NtflxGenerator,1.0
CultureShip_bot,1.0
everyherd_bot,1.0
stellaraquaria,1.0
FakeHQ,1.0
littlebubbot,1.0
SpritesByBitsy,1.0
SynonymSpectra,1.0
window_scene,1.0
yourwindowbot,1.0
happyautomata,1.0
PrimitivePic,1.0
pollockdotexe,1.0
grow_slow,1.0
LatostadoraBot,1.0
ebooks_goetia,1.0
cloudplug,1.0
faketmglyrics,1.0
goth_lyrics,1.0
BotConnectFour,1.0
astrology_bot,1.0
dopamineharvest,1.0
CWF_Forecast,1.0
DRyderNicknames,1.0
wavy_bgs,1.0
LionelIpsum,1.0
hometapingkills,1.0
EveryFeature,1.0
thosewhodgiveup,1.0
BRTLSTvsTRNGLFY,1.0
fakefantas,1.0
LibraryH,1.0
okay_campers,1.0
TwinPeaksBot,1.0
ShowdownBot,1.0
WordsofMcCarthy,1.0
weight_not_want,1.0
AdvSettings_,1.0
Slam140,1.0
arniecommentary,1.0
arguetron,1.0
256farben,1.0
Vox_Plus,1.0
anywizard,1.0
Vox304,1.0
_OutToSea_,1.0
transitingnow,1.0
ManyShirts,1.0
dayofweek_bot,1.0
HomeMoviesBot,1.0
FermiPasteladox,1.0
smilevector,1.0
emoji_pizzas,1.0
botinthewoods,1.0
shakyinsultbot,1.0
shakethatbrass2,1.0
tweegeemee,1.0
rightnowbbcr1,1.0
rightnow6music,1.0
SandpileArtBot,1.0
howmanybigmacs,1.0
genrenator,1.0
trashcanlife,1.0
arrrrdoubloons,1.0
last100bills,1.0
AppraisalBot,1.0
galaxymarcopolo,1.0
maybe_the_real,1.0
computerzooom,1.0
time4gametheory,1.0
sadkeanubot,1.0
theasciiartbot,1.0
Littlelandscap2,1.0
whatkilledme,1.0
boggle_bot,1.0
birdbot4,1.0
badphotoquality,1.0
corporabrackets,1.0
HalloSpacebot,1.0
hypno__bot,1.0
tinyspires,1.0
theairplane_bot,1.0
potus_in_parens,1.0
a_painting_bot,1.0
ArtConnoisseur_,1.0
CatYoncee,1.0
endingsummary,1.0
cool_cats,1.0
gallet_city,1.0
ASCIIGalaxy,1.0
FOIAFeed,1.0
BracketMemeBot,1.0
DumbHolidays,1.0
deitygalaxy,1.0
PrettyBirdsBot,1.0
bubble_bott,1.0
Colourjams,1.0
Datasaurs,1.0
WhosThatPokebot,1.0
DayFingrAuslan,1.0
NiteAlps,1.0
cityatnightbot,1.0
78_bands,1.0
ConceptNetPoet,1.0
HaikuNewsBot,1.0
beetlesbot,1.0
tinygeom,1.0
happyhappydb,1.0
AmznTurkerHappy,1.0
BContestants,1.0
joinmycause,1.0
relativeprices,1.0
DaysTillFallBot,1.0
goTakeThis,1.0
goldenhourSEA,1.0
some_new_cities,1.0
CryptoNamer,1.0
beerlabelbot,1.0
cavern_caravan,1.0
Y_Under_YBot,1.0
newspaperbot,1.0
AntipodeBot,1.0
GoodDogsOfNYC,1.0
all_the_planets,1.0
CheapBits,1.0
emojiMountain,1.0
BostonSnowbot,1.0
BingoBits,1.0
BotCarrion,1.0
Botgle,1.0
BrutalistEngine,1.0
Cecinestpas_exe,1.0
ChuckieNorrisie,1.0
Clipart1994bot,1.0
ATBrokenNews,1.0
BikeVeniceBot,1.0
BikePortOfLABot,1.0
CutePetsBmore,1.0
DailyDesiderata,1.0
DearAssistant,1.0
DeepDreamThis,1.0
Deutsch_Falsch,1.0
DeuxTitres,1.0
Diaeresis_OTPs,1.0
DoSomethingBot,1.0
ESBcolor,1.0
EmojiAquarium,1.0
emojiastro,1.0
EmojiLoveBot,1.0
EmojiMoodBot,1.0
Emojiforest,1.0
FederalistBot,1.0
FinnishFlags,1.0
FixmeBot,1.0
FlagFacts,1.0
ForTheRecordBot,1.0
FrontPageBot,1.0
GOT_a_theory,1.0
GalaxyGenerator,1.0
GenerateACat,1.0
GitWishes,1.0
GoOutsideBot,1.0
Gobbobot,1.0
HeroGraveyard,1.0
HiRISEBot,1.0
Hitch_Haiku,1.0
HundredZeros,1.0
HypernymBot,1.0
ImagesDArtBot,1.0
Kaleidopix,1.0
KeplerBot,1.0
LinkArchiver,1.0
MMecharin,1.0
MancOrchSays,1.0
Mgk8BallBot,1.0
Introspectorbot,1.0
JustDiedBot,1.0
JeffGoldblumbot,1.0
JSLibGenerator,1.0
NoEmojiForThis,1.0
NlProverbs,1.0
SVUFutureDrugs,1.0
SatelliteEurope,1.0
SecretHistBot,1.0
StoryPremiseBot,1.0
SunsetGenerator,1.0
TatsIllustrated,1.0
TinyAdv,1.0
TinyCrossword,1.0
TinyProtests,1.0
TonightWeBot,1.0
TrigonometryBot,1.0
Trumpgone,1.0
UnicodeParade,1.0
UC_Poesias_Bot,1.0
UnlikelyPowers,1.0
UnrealBritain,1.0
VillanelleBot,1.0
VergleichBot,1.0
WikiPhotoFight,1.0
WikihowDreams,1.0
WikipediaBits,1.0
WizardGenerator,1.0
YouLookNiceBot,1.0
XYZPunk,1.0
allTheTyping,1.0
alleverleser,1.0
all_in_cards,1.0
alltheminutes,1.0
alltheplanets,1.0
AlmostAmends,1.0
anappleadaybot,1.0
AndromedaBot,1.0
anthrobotica,1.0
artassignbot,1.0
astrobot3000,1.0
astrove_bot,1.0
bankedits,1.0
betteridge_bot,1.0
archillect,1.0
autoarspoetica,1.0
bon_appetiny,1.0
bot_ideas,1.0
bot_teleport,1.0
bot_the_dickens,1.0
BotBaum,1.0
botdoesnot,1.0
botmakingart,1.0
botshopecash,1.0
botsmellslike,1.0
BowBowoof,1.0
brandnewplanet,1.0
btcsupply,1.0
busyadvice,1.0
CarloMarxBot,1.0
catalog_drowsy,1.0
catsnacks,1.0
cdarwin,1.0
ceasedesistbot,1.0
censusAmericans,1.0
chernobylstatus,1.0
choochoobot,1.0
civ5_jobs,1.0
clitoscope,1.0
collationBot,1.0
colorschemez,1.0
cryptword,1.0
daft_stars,1.0
dailyasteri,1.0
dailyglacier,1.0
dailyoblo,1.0
DailyPatent,1.0
deshumani,1.0
differencebot,1.0
digitisethedawn,1.0
donorschamps,1.0
dscovr_epic,1.0
dungeon_junk,1.0
earthin24,1.0
emojiUSA,1.0
emocage,1.0
emojitoemoji,1.0
everyarabicword,1.0
everyonesai,1.0
everyportland,1.0
fake2pmfics,1.0
fallingleafbot,1.0
fishyglyph,1.0
fiwotd,1.0
forestgen,1.0
functionalemoji,1.0
future_junk,1.0
genderposibot,1.0
gettophilosophy,1.0
gimmeapc,1.0
glossatory,1.0
greatartbot,1.0
HaikuMurakami,1.0
happymoonbot,1.0
hashfacade,1.0
headsandwings,1.0
himawari8bot,1.0
holidaybot4000,1.0
i_luv_recipes,1.0
iamaslowtrain,1.0
ilovethisbot,1.0
infinitedeserts,1.0
insectsbot,1.0
instruction_bot,1.0
intensificator,1.0
ip2location,1.0
kaffee_reminder,1.0
kaikkisanat,1.0
kramer_v_trump,1.0
lettergamebot,1.0
kiddieridesbk,1.0
licensemee,1.0
LikeBotLove,1.0
LovecraftMix,1.0
lilly_print_bot,1.0
LSystemBot,1.0
lovetheseas,1.0
lovebotcraft,1.0
legitvgcheats,1.0
lycanthrobot,1.0
manpagedujour,1.0
markovgilmore,1.0
MasksAndHats,1.0
mazeaday,1.0
menubot,1.0
mesmerinion,1.0
metalband_exe,1.0
metropologeny,1.0
minetweeter_,1.0
minimazesolver,1.0
moon_rise_bot,1.0
moonshotbot,1.0
nailpolishbot,1.0
NeonaziWallets,1.0
needsref,1.0
neuralgae,1.0
nhcbot,1.0
NYPLEmoji,1.0
nyt_diff,1.0
okbabynames,1.0
omg_movies,1.0
on_this_day_bot,1.0
osspbot,1.0
paintergoblin,1.0
PaintNames,1.0
paintnumbersbot,1.0
pata_amiga,1.0
particlemanbot,1.0
patchslitt,1.0
PermitBot,1.0
petitsmotifs,1.0
pico8bot,1.0
pleading_bot,1.0
pls_take_breaks,1.0
pomological,1.0
porcadapalabra,1.0
precure_screens,1.0
proverbsbot,1.0
randomeditation,1.0
ReyloConfused,1.0
realtimebus,1.0
oliviataters,1.0
selfportraitexe,1.0
sixworderbot,1.0
selfcare_bot,1.0
saysthekremlin,1.0
riverlevel_1867,1.0
space_stories,1.0
rfcdujour,1.0
someboxes,1.0
soamazingquote,1.0
spaceoverlord,1.0
spacetravelbot,1.0
TheRiddlerBot,1.0
personaIitea,1.0
sunrisebot,1.0
sunnyday4pm,1.0
subtitle_buoy,1.0
start_this_up,1.0
symmetric_curve,1.0
tamagotchi_img,1.0
techclothes,1.0
texasflags,1.0
theclivebot,1.0
thedoomclock,1.0
thehoroscopebot,1.0
thelockbot,1.0
thereisnoiin,1.0
ThesaurusGame,1.0
thetrumpwatcher,1.0
three_shape_bot,1.0
tinyisles,1.0
tiny_bus_stop,1.0
tiny_gardens,1.0
tiny_cityscapes,1.0
tiny_kepler,1.0
tiny_raindrops_,1.0
tiny_seas,1.0
tiny_star_field,1.0
tinyknotwork,1.0
tinypoemgen,1.0
tinyskylines,1.0
trafficgifs,1.0
trendbot,1.0
tweetgameoflife,1.0
twoemojicons,1.0
unchartedatlas,1.0
unicode_garden,1.0
usinjuries,1.0
vexilloherald,1.0
vroom_vroom_bot,1.0
wait4swear,1.0
wayback_exe,1.0
wdywam,1.0
whatshouldiknit,1.0
WhyBeBot,1.0
wordfindatron,1.0
ablankblank,1.0
__birds__,1.0
_blackobs,1.0
_ku_bot,1.0
_numberstation,1.0
_sys_bot_,1.0
___graveyard,1.0
AwfulEmoji,1.0
AuspiciousItems,1.0
BaanaCounter,1.0
BackToWorkBot,1.0
BennyNumbers,1.0
BiffySays,1.0
BikeDTLABot,1.0
thetinygallery,1.0
one_small_bot,1.0
ItIsYourData,1.0
BMovieGenerator,1.0
emoji__polls,1.0
buoypix,1.0
JeuDuDicoBot,1.0
thetinySAURS,1.0
poem_exe,1.0
tiny_forests,1.0
NixieBot,1.0
wildflowersbot,1.0
xenolexica,1.0
wrongquotebot,1.0
ProcPlanets,1.0
PotterPapers,1.0
ObliqueBot,1.0
ObamaLivesOn,1.0
11_11_bot,1.0
5adaybot,1.0
darndesttruisms,1.0
0Claudia9,1.0
1D02685599,1.0
1D97435172,1.0
1DDirec47313447,1.0
1DSTATSVOTESL,1.0
1DVoting28,1.0
voteforlegends5,1.0
1IlMigliore,1.0
1dVotate,1.0
1d_choice,1.0
blankxstyles,1.0
1dvote____,1.0
1dvotedfan,1.0
1dvoteeplss,1.0
4NG3L0NF1R3,1.0
56_nico,1.0
5boys1D2,1.0
76lauraLaura,1.0
78Aya80,1.0
949905e897cf45a,1.0
ACCOUNTPERVOTI,1.0
AleStylinson_,1.0
AlleHanna,1.0
AlwaysGio__,1.0
AngelaMascara,1.0
AngiSvezia,1.0
Anna2340531163,1.0
AnnaMinervini1,1.0
Anr_s92,1.0
ArmataScanu,1.0
Armonja,1.0
AutunnoSi,1.0
Babi47671391,1.0
Barby21217171,1.0
BigiPiero,1.0
Bobetta3,1.0
BooandHazz1,1.0
BrunaVerutti,1.0
CRPFRASCATI,1.0
Cappellaio87,1.0
Caranoemitw,1.0
CarlaChianese,1.0
Cassandra6624,1.0
Cat2014_Believe,1.0
CatholicTweet1,1.0
Celica_FE,1.0
Chourou04946447,1.0
CinziaMolinari,1.0
Claudia62VS,1.0
Cri1DBenjieFede,1.0
DeiElena,1.0
DeiaDerosas,1.0
Derire2,1.0
DianaMu82095574,1.0
Diletta123,1.0
DonatellaTosati,1.0
Dudda_Novizia,1.0
EMZONERI,1.0
Ele_1DMD,1.0
ElenaLvdzdv,1.0
Cho_cola_t,1.0
Elly15vs,1.0
EmiliaVS1,1.0
Emy40850356,1.0
EmyScanu,1.0
FEHTakumi,1.0
Fiffistefy,1.0
FiloRosso2,1.0
FiorinoKetty,1.0
Foool1d,1.0
FraLu64,1.0
FrancescaDivs,1.0
shawcesca,1.0
Funghetti4,1.0
GABRIELLAMARA2,1.0
GInterrato,1.0
GPettella,1.0
GSpasmo,1.0
GabriGabri_ts,1.0
GabriPobega,1.0
Gabri_Razzoli,1.0
GialloAmetista,1.0
Gianniontheroad,1.0
GiorgiaAziz1d,1.0
Giovannablu,1.0
Girasole572,1.0
GiulianaPoce,1.0
GiuliettaSkype,1.0
GiuseppinaFarin,1.0
GiusiRiccobono,1.0
Harry23533247,1.0
Holaa63146637,1.0
ILgrandeRIO,1.0
louharrydrew,1.0
IamKatPetrova,1.0
vivitanie,1.0
Il_Pannocchia1,1.0
IlaryBlacks,1.0
Ilmeglioretweet,1.0
ImparatoPasqual,1.0
IndieGameTrends,1.0
Joker12953,1.0
JustinevMara,1.0
Laura_Ganna,1.0
Lisa96_Vs,1.0
LiviMonica,1.0
Loretta26212914,1.0
LorettaLORI3,1.0
LuanaPirri,1.0
LuisaRoma4,1.0
LupoLupo14,1.0
MARIACARMINATI1,1.0
MStruttura,1.0
MagiMudu,1.0
MarcellaGiVi,1.0
MarcoMameli2,1.0
MariaCamillagl,1.0
MariaHelena_ts,1.0
MariaNicola2,1.0
MartaGobatto,1.0
MartiAndNiall1,1.0
Martinalucconi1,1.0
Mary_Jack69,1.0
MatteoArnabold1,1.0
MaxRossi2015,1.0
Melindamarte,1.0
MenteObliqua,1.0
MichyannaSalvo,1.0
MissAmnesia23,1.0
Mithra_01,1.0
MomiraMonika,1.0
MonicaDieci,1.0
MuduPina,1.0
Ne_Ilaria,1.0
cliffordvshor_,1.0
NonnaMario,1.0
NovellaPiazzi,1.0
Odiotuttigioia,1.0
55dogos,1.0
PaolaBozzetto,1.0
PaolorokOri,1.0
Patrizia22851,1.0
Pattynavmeli9,1.0
Pesce98Vittoria,1.0
PromotingLouisT,1.0
RavazzaniGuido,1.0
RedsRita,1.0
RipassoRt,1.0
RitaGiasone,1.0
RitaRossi6,1.0
Robin_Hood2223,1.0
Rosafio40018873,1.0
Rosamar70892339,1.0
RubinoDue,1.0
jiminieikigai,1.0
Sardalice2014,1.0
SavianaVS,1.0
Seilamiacanzone,1.0
SolaMente_te,1.0
SoniaPoletti1,1.0
Stella_Perlina,1.0
Stellacdolce,1.0
SuperPannocchia,1.0
FlNELINEHARRY,1.0
TangaloaLazia,1.0
BadGuyEilish_,1.0
TestyMcT3stface,1.0
TheVoiceIsVS,1.0
TheVoiceVS,1.0
Tina64884808,1.0
TinoVale23,1.0
Tremendamenteme,1.0
VOTE1D35666206,1.0
VOTE1D95275281,1.0
Vale_CaraVs,1.0
Valenti38361807,1.0
VeronicaFilia,1.0
Vincenz72741158,1.0
Viola_rossa3,1.0
ZaffiroBlu3,1.0
ZiaGuerriera,1.0
ZiaPerla,1.0
_CamillaFio,1.0
__Spiderlily__,1.0
___andremauro__,1.0
__jemenfous__,1.0
_Vylmax,1.0
_harrysmjle_,1.0
a7042237ab0f466,1.0
allina1712,1.0
allylardo,1.0
andrea_sorato,1.0
angelstrange200,1.0
annamariams75,1.0
annarosa701,1.0
anomis_anomis70,1.0
antonellautopia,1.0
ariacolorata2,1.0
aurorapani,1.0
babymalik_lh,1.0
barbaruccia2,1.0
beauty0fsilence,1.0
benjifede_love,1.0
blu3n1ghtw0lf,1.0
chicchiola,1.0
ciarly7498,1.0
cinziagenziana,1.0
circeanna,1.0
citro_rosa,1.0
claspa62,1.0
claudiamamy,1.0
claudyfulco,1.0
coupongenie,1.0
dani89vs,1.0
danysca22,1.0
darkangel78,1.0
dora_momi,1.0
dorigoalessia1,1.0
elena2613,1.0
eligigarda,1.0
eliptz66,1.0
elisabettadelog,1.0
elisabettaragg1,1.0
emanuela635,1.0
emiliasal46,1.0
emmemea,1.0
enzarella2,1.0
epicfaildrone,1.0
fabrossoni4,1.0
federicoinfa,1.0
fefinus,1.0
filippotrav,1.0
flaviabettini,1.0
francorosaria13,1.0
gbrugnoli70,1.0
gemmaantonello,1.0
geomagalunare,1.0
gessica_bravi,1.0
ggarigli,1.0
giannalecca1,1.0
giorgiocupelli,1.0
giunta2016,1.0
jmejmg,1.0
iitsclarry,1.0
ilbolly,1.0
improta71,1.0
io_principe,1.0
isolafelice21,1.0
itsfakefaccv,1.0
ladyna14,1.0
launizzo,1.0
lindascanona,1.0
lisettaliz,1.0
lontano2009,1.0
lorellacan,1.0
lorettalo22,1.0
lorettarag,1.0
loririlolo,1.0
lory_rubin,1.0
luciolavezza,1.0
lucy011307,1.0
lucynothalee,1.0
magitotano,1.0
mammaraffy,1.0
manola_piredda,1.0
marcolinoneri,1.0
margotcheri,1.0
maricos7,1.0
marinellazanine,1.0
mielosa69,1.0
migliavs,1.0
mimi_t123,1.0
mimmapolpo,1.0
mirandamossi,1.0
mirtillamarino,1.0
morgabar,1.0
nichilu,1.0
novellapiazzi1,1.0
pannocchietto2,1.0
paopia64,1.0
patri_well,1.0
pattavis,1.0
pazzepericlario,1.0
piermario_odd,1.0
pinella69,1.0
pippo0302,1.0
pirasemy,1.0
pittore1960,1.0
polveredistell7,1.0
preto_carla,1.0
raffa_brigante,1.0
ranzoniana1,1.0
righettifrance1,1.0
roboadvisoryw,1.0
romeo1571,1.0
rosa6644,1.0
rosafiore13,1.0
roxiscar,1.0
simona83imperia,1.0
since2010lovs,1.0
sonia_ariu,1.0
sonoacido1,1.0
sorciusbarbutus,1.0
sorriso_blu,1.0
stellacadente60,1.0
tizianafu,1.0
topaccia,1.0
torrianas,1.0
ulitop,1.0
unidosxdali,1.0
vale20152,1.0
valedisco,1.0
valentinamoscon,1.0
vasivas3,1.0
wasitjustalie,1.0
zia_eli,1.0
MelroseMAGOP,1.0
MiddletonMAGOP,1.0
DouglasMAGOP,1.0
NAndoverMAGOP,1.0
SherbornMAGOP,1.0
MedfieldMAGOP,1.0
HansonMAGOP,1.0
HinghamMAGOP,1.0
NorthboroMAGOP,1.0
BerkleyMAGOP,1.0
MiddlefldMAGOP,1.0
NorwellMAGOP,1.0
HyannisMAGOP,1.0
Emma9425,1.0
Joliot1,1.0
dankspankey,1.0
annandjo1,1.0
KissNra12,1.0
kimjacobs28,1.0
JFeldle,1.0
rCtSBt8hOzUny5Q,1.0
MVakkuu,1.0
in_dent,1.0
Bit____,1.0
nemorexxx,1.0
vini_do_11,1.0
dvargad1,1.0
vinci32096,1.0
12238453,1.0
XRamire,1.0
fatimaza13,1.0
ankoummai,1.0
ACUSHIST,1.0
leenardo4,1.0
rephotographyYT,1.0
khrisrafsilaba1,1.0
Oscar_23184060,1.0
d8QVVbRkpwHBeSh,1.0
AlexisV93054233,1.0
thegroomsbride,1.0
steffithebro,1.0
Lin594555247,1.0
weilinwen,1.0
dmsqldkssyd,1.0
520520lulu,1.0
ehdvo,1.0
CasualStacey,1.0
WojasKas,1.0
Longeeeeeer,1.0
DanielPeraltaM,1.0
puspa_wardhani,1.0
arghhhhh12,1.0
hjain1998,1.0
Dominic86565591,1.0
shibatakeru,1.0
Hartmanrique,1.0
Ryan__Cross,1.0
vinirubertiloco,1.0
bizzle003,1.0
pluto_zhou,1.0
connelly_elaine,1.0
2Hhn8,1.0
285609726,1.0
louiloudlowa,1.0
DelaCruzWS,1.0
Loser_Qiang,1.0
lucymerlin1,1.0
atadeu7,1.0
ytaloyuri,1.0
totolivesal,1.0
QiGOYiQJ1qwbF7l,1.0
Uzfirst,1.0
asecondtoosoon,1.0
imi81imi81,1.0
Sasetaurrena,1.0
nathkiller49,1.0
tonymarseno,1.0
kbogyo,1.0
IITodd,1.0
abedfun,1.0
Scorpion61,1.0
gujiayue,1.0
ha9700,1.0
vimsefimsen,1.0
francescavallin,1.0
GerLegacy,1.0
SaraHol01404072,1.0
Nunuh78,1.0
zhuyunyuxie,1.0
thato_mkhebuthi,1.0
BakshiGill,1.0
anilbhadane1,1.0
xXxDamii3nxXx,1.0
Tigre_Rouge68,1.0
devin_the_great,1.0
akiae12,1.0
EmilAndr,1.0
apriltaylor59,1.0
crivespa,1.0
Luckyss77,1.0
michalehanguang,1.0
xlPowerS2,1.0
Valentina51083,1.0
NinaBirth,1.0
Cocobidin,1.0
marco0441,1.0
a603nk_dp,1.0
AlinaLje,1.0
stoneluv_ph,1.0
zepiovezam,1.0
s9pamacs,1.0
Berfinx3,1.0
acteuressamay,1.0
aksmf322,1.0
PONOCNIJAHAC24,1.0
Life2High,1.0
kurtpan19,1.0
1511697665,1.0
athirson8,1.0
miranda_sai,1.0
folkamike,1.0
FlynnEflynn902,1.0
cuishaozhuang,1.0
LucaEliaTattoo,1.0
linjinweilucky,1.0
mariadiri147,1.0
magoleste,1.0
sofiesellen,1.0
Velocittss,1.0
AlqinArsen,1.0
mattdog_12,1.0
negromalo88,1.0
zusuki1987,1.0
Fuckmyjobsuckit,1.0
zakso_fonista,1.0
sevpai18,1.0
Kookylee1247,1.0
PresleyHartell,1.0
ChaadJinakad,1.0
Ironneili,1.0
RiaTriantafil,1.0
AminatMomoh1,1.0
EdsonLinares1,1.0
NoshRush,1.0
Hoxir_,1.0
CuxKicker,1.0
DedyTang,1.0
revel20192,1.0
heyimjennu,1.0
van_pattivb,1.0
leegsgs,1.0
hd_tonari,1.0
aminechraibi02,1.0
dbernardini70,1.0
eeepadmaster,1.0
MahoraSpiring,1.0
branden_rumball,1.0
lshxlshx,1.0
RicardaKoren,1.0
claryviolaander,1.0
inangel_,1.0
Atikaniedzz,1.0
Changmaryin,1.0
Bigal_Hall,1.0
KisNikolett2,1.0
LuweiLoo,1.0
dario_nard,1.0
LorraineThelian,1.0
mpctw2000,1.0
Show17896837,1.0
deftnt_zz,1.0
Thalaforever10,1.0
DaJessyca08,1.0
cxz281738323,1.0
Linc33603333,1.0
KorayOezyurt,1.0
joanna_matusiak,1.0
VINCEREYES777,1.0
maxisrich,1.0
marony0607,1.0
fdgbvdfg,1.0
emmasoltim,1.0
AnhDangSSS,1.0
mathieu87232815,1.0
alansjp2,1.0
arslan_hidayat,1.0
Abbie21Rose,1.0
Junior15640582,1.0
LuinettiG,1.0
mohamed_sad2,1.0
giobo58,1.0
shadow8death,1.0
Face26Hugo,1.0
sanchez_paddy,1.0
szzoli98,1.0
naedine__,1.0
JoyfulMouvement,1.0
PapetJm,1.0
AgentSmith47,1.0
patxifot,1.0
FanClubSGBR,1.0
bilalmanwar,1.0
CHevio_Letrry,1.0
meryangel2010,1.0
lim_nickylim10,1.0
779a455555f1482,1.0
AndreasNoto,1.0
MalaniVipul,1.0
Etasico,1.0
Judit_Radics,1.0
tastygh,1.0
jakehmc1,1.0
leandro_lizard,1.0
skaalrud82,1.0
CPkozdi,1.0
SimleSports,1.0
mastertushar12,1.0
yangyinguang,1.0
xhygood,1.0
MyNewblogs,1.0
tomek147147,1.0
eudy0107,1.0
adrianne_wif,1.0
Luckys666,1.0
super111long,1.0
RobsonGabriels,1.0
rajmahesh922,1.0
MARCELOCHAIB,1.0
weaklifter,1.0
JhouCs,1.0
whdntmd8381,1.0
huangchenxi,1.0
YeoYaoYong,1.0
feehTenac,1.0
ghasd50411,1.0
TiesiogDovydas,1.0
yoonhyosoon,1.0
jinhua369,1.0
lena_sohma,1.0
tarescar,1.0
Carinechen88,1.0
nataliegalpern,1.0
_xJulsx_,1.0
badang2,1.0
Chiah_Er,1.0
lebanga,1.0
270361204,1.0
lisa_bonici716,1.0
MMMMMMMonster33,1.0
Dorapandacore,1.0
NoOneIsAnybody,1.0
amwalk80,1.0
trisnamariana,1.0
Clutch_Dragz,1.0
LorenzoEda,1.0
nhlanhlanhleke2,1.0
_9580576005502,1.0
GustavoTuller97,1.0
guiadamusculaca,1.0
siong37390971,1.0
ebpabasara,1.0
raden_bhajol,1.0
qq_793579258,1.0
danmo1985,1.0
lucasez61,1.0
rodrigoreisgon2,1.0
Mystical_Cha,1.0
dhqnwo,1.0
Margarine_Tub,1.0
TehRuan,1.0
toudian1,1.0
L_biglu,1.0
liliariana2,1.0
bebeisa68,1.0
iorlaith,1.0
KackaronLP,1.0
emma51lowe,1.0
Cbpap1024,1.0
gummygirl789,1.0
BostonGarden2,1.0
clattc_official,1.0
DayaneRamos13,1.0
brovy,1.0
Jair10_sanchez,1.0
ella_looli,1.0
Shirtikvahed,1.0
dynk02,1.0
Mihail_HD,1.0
FRANCESCAPRE,1.0
odethsosa,1.0
mrhonest00,1.0
moricz_mark,1.0
Kamipo46,1.0
SG_Ziiroxx,1.0
fab_oo,1.0
GimmelliChrista,1.0
manoharalle,1.0
sscardcrm,1.0
LorenzoZazu04,1.0
ABenfraihaRue,1.0
atl821,1.0
ktof27,1.0
TaZeRDK,1.0
VIKTORSAMSURI,1.0
CovXPS3YIgGByjz,1.0
navyseal546,1.0
GloriaTLi,1.0
Faimuenwai,1.0
LulzYeah,1.0
1017148043,1.0
Bgunman23,1.0
Blank_Face_,1.0
wardensnyder,1.0
Rolexy7,1.0
szulc2,1.0
Abishop992002,1.0
Michel_DHA,1.0
jheerND,1.0
Its_Kelly_bae,1.0
luchofergar,1.0
JuTwo,1.0
luc0304,1.0
dkt48,1.0
yuanzi364139222,1.0
sebulia1,1.0
TheThomasFitch,1.0
VictorPitbox,1.0
missvesb,1.0
metallicbonds,1.0
thehitsuzen,1.0
serzh_vishnu,1.0
5ffret,1.0
nataliya_011,1.0
abloggs,1.0
d_cope_,1.0
Binduewu,1.0
GusGosselin,1.0
sara15112001,1.0
juhi214,1.0
BigJustinsFan,1.0
zengxin9,1.0
Lexan87,1.0
SciarraSam,1.0
VContelles,1.0
Jen60Delahaye,1.0
JaysonTMusic,1.0
PIPPO99399085,1.0
str8midwest,1.0
osjlove777,1.0
Antonios291987,1.0
salinda377,1.0
Duel_Assessment,1.0
YanYxh,1.0
fatboyvdub,1.0
mrpepi2011,1.0
hspine68,1.0
yulong0729,1.0
pikapikasdf,1.0
StylingIconz,1.0
brianamackelmor,1.0
qinpengfootball,1.0
TISEYKAREN,1.0
Binche1999,1.0
AliceBoucher23,1.0
ivan7410,1.0
subzero33167942,1.0
dalton_kaye,1.0
Nabryson1,1.0
CoC_Gamers,1.0
lsmulond,1.0
Chetsadawutjanj,1.0
marc_gabriel2,1.0
vianyta312,1.0
walterrolim,1.0
poota080,1.0
choho51,1.0
superman_qujie,1.0
sndzajuria,1.0
WARtracknfield,1.0
recepde03036136,1.0
tongkejin,1.0
eydjdjdd,1.0
icezaya0833,1.0
Al0743,1.0
onagang,1.0
AdraPara1,1.0
YukinaYukio,1.0
cj4427,1.0
random58595,1.0
brandonbrre,1.0
chrissean72,1.0
waterlily427,1.0
LeonieSchmidt3,1.0
BItleS_Skate,1.0
iegoist77,1.0
Moncsikahh,1.0
BiTinaAozhang,1.0
iRainPvP,1.0
La_Gordis78,1.0
mayurnashine4,1.0
zachch0301,1.0
Kptn_Gude,1.0
Balu333101,1.0
liebow92,1.0
kimbh98,1.0
Preetaus22,1.0
LAnanasi,1.0
gxy0701,1.0
keyeo1,1.0
tengpeng99,1.0
raya2554,1.0
VFL_NotActive,1.0
WVUBagelCrust,1.0
candysteph1,1.0
OnurcanFener,1.0
heather_todd1,1.0
Duffiks,1.0
U_ChihaSasuke,1.0
DrewKristen4UNI,1.0
SuinDong,1.0
suntao2yl,1.0
gogoggyy2000,1.0
por_kotchaphan,1.0
shreeyanto,1.0
vitor_flamengo1,1.0
DougHinder,1.0
Zylon_,1.0
845T10N,1.0
khaira_marie,1.0
DarrenBrick1,1.0
sayedmustafa13,1.0
Fairy_Orttmann,1.0
jdogg0420981,1.0
raemchst,1.0
jamalc514,1.0
diego_reato,1.0
stevenprobert2,1.0
Tuxedoegg,1.0
Fuzo21,1.0
Rainboww40,1.0
didudafeiji,1.0
MikeInc84,1.0
BenJammin027,1.0
marianna_suto,1.0
julison8,1.0
OneQuiCKCliCK,1.0
chaudryhassi161,1.0
floramysjy,1.0
emilie83340,1.0
Homerscl,1.0
Heldeng,1.0
Dyesekai,1.0
kp025811795,1.0
AmirDir,1.0
officialritzio,1.0
mtinoco112,1.0
MRKrytyKPL,1.0
MatasSweet,1.0
wilmerlga,1.0
huyin324,1.0
MChmielinska,1.0
darcy_steer,1.0
dschwa11,1.0
Modtanoyemopm,1.0
aunryjacny,1.0
Humphreys_Photo,1.0
specialist_min,1.0
Gilgmeshlon,1.0
drrajashekar170,1.0
271014738,1.0
KenGames2,1.0
mchilds182,1.0
Cseun,1.0
GilLibrary,1.0
challeyfornia,1.0
Soph_18,1.0
hoan1517,1.0
Eilish_04,1.0
PlayOnStudios,1.0
bigztor,1.0
RevenantRock,1.0
NesmaAlg,1.0
winchy33,1.0
VMaryneV,1.0
FlyDragus,1.0
mozaroma95,1.0
nya_camui,1.0
Vito56Joo,1.0
KGuinap,1.0
Monchiitoow,1.0
jaisinghani7,1.0
trakcuf,1.0
chipana211,1.0
furioballi,1.0
fabdulaz,1.0
saleemenglish,1.0
xXTuner123,1.0
Fatalis_G,1.0
inferno4fun,1.0
se7enlwq,1.0
Ippimusic,1.0
HarrisBlh101599,1.0
mariofichte,1.0
restileflat,1.0
Agarus70,1.0
tsang_lam,1.0
lskhaha,1.0
437128389,1.0
chenfanchih,1.0
larastkayrina,1.0
xxxiceSR,1.0
whoami1106,1.0
BobzhaoBob,1.0
wdkkk_,1.0
Nagy_Eszti,1.0
Yao_Haruna,1.0
Jeff_Wong1994,1.0
0728qq,1.0
love13sea,1.0
tylertlhds,1.0
vkfkekdltm64,1.0
2060Saif,1.0
skip1314,1.0
dldythd76,1.0
Bigboy_Rose,1.0
steffichen87,1.0
yellowAGENDA,1.0
dwiyananta,1.0
ywcho18,1.0
jermwrx,1.0
HaraldHaarfag,1.0
pega_ss,1.0
kingjapan,1.0
ngonhamo3,1.0
ricardomoses4,1.0
TheEnd187,1.0
iwanginaassyab1,1.0
gisafat,1.0
dfelix,1.0
BeratzDennis,1.0
clasen20,1.0
cobra0621011,1.0
The_GamersUnion,1.0
bigmak2118,1.0
DwayneD3658,1.0
charliebarth3,1.0
Akhiles92702103,1.0
ravensxlvii52,1.0
Alefvaluard,1.0
Dextuhney,1.0
MTobiaski,1.0
xdoutrocks,1.0
ucu_threeyono,1.0
lwowlcong,1.0
adrianiancu35,1.0
0_0barry0_0,1.0
ole_hunter,1.0
cocludedtale,1.0
VictorMiyabara1,1.0
Zetabreak,1.0
drahcir_rahl,1.0
FilmLie,1.0
Tjacobson8,1.0
Drimian1,1.0
ChanMnkjl,1.0
NAINAI930925,1.0
1532652341,1.0
konfetka_2,1.0
JoshuaGAsquith,1.0
McDull1205,1.0
jhj4775,1.0
corrie881,1.0
steven11471,1.0
DerekChinLi,1.0
Dzevooo,1.0
hitahaiya,1.0
hungchieh8,1.0
semsemich1,1.0
DanielRoman20,1.0
chrislane883,1.0
NaxitoSebaa,1.0
epoi90000000,1.0
Frankli61272627,1.0
anushthani,1.0
sansarlat2,1.0
RedBob123,1.0
zeroware0,1.0
Zaynmal36024791,1.0
scorpion_309,1.0
FixItFursuits,1.0
stronger2552,1.0
Chiara59899,1.0
InperJoao,1.0
arthasssssssss,1.0
MaccariMirko,1.0
ClelauCle,1.0
ErayEskky,1.0
alexian20,1.0
habboserver1,1.0
Claudio_Arca83,1.0
Monty1010Jack,1.0
KumpolWilaiporn,1.0
abraham_osorio,1.0
Senatorcocoat,1.0
boicey82,1.0
SNKTAPES,1.0
Nikki_Qi_,1.0
NickosFR,1.0
mclukinhas4144,1.0
Mouge40,1.0
Tinifi81,1.0
DrakeNicole,1.0
OHLLRN,1.0
yearfunny,1.0
agoraeoGeh,1.0
forsythe_pat,1.0
BZabawa2,1.0
alohatomenow,1.0
oliveruk12,1.0
alexitodp,1.0
Lavric04,1.0
EmilyMulherin,1.0
summerhee128,1.0
dalsin_,1.0
vitordarboux,1.0
Maggie_Chu1121,1.0
msnika07,1.0
AmkasHeld,1.0
cpringdance,1.0
yumeimei44,1.0
Giovanna_Santos,1.0
kaykay6561,1.0
rocco32bit,1.0
serg30003,1.0
djdinkyd10,1.0
Gladius1963,1.0
Sneakerboy20,1.0
christmercivil,1.0
__Boyler__,1.0
ru_yusuf,1.0
Gessicagnanitvb,1.0
gscatmessy,1.0
DiseurDeVerit,1.0
OmarDaCosta,1.0
mianbilalrasool,1.0
shaukatiqbal68,1.0
lekfd,1.0
dukeyc,1.0
inRecruitJobs,1.0
2TEN90Brewing,1.0
ytakumnee,1.0
Aich1974,1.0
lyne815,1.0
JIDALSSASSON,1.0
equalizerfxapp,1.0
d_ancing,1.0
AfrazFawad,1.0
YasserDendo2001,1.0
mugiwarafikcha,1.0
nada_751,1.0
dhp58,1.0
jsh0226,1.0
IHeartRobbieB,1.0
soflopl,1.0
lockonlz,1.0
ItsSTLGaming,1.0
aesiamabeth,1.0
ddaquanesed9,1.0
Dedezinhacosta,1.0
Pavankumarpalem,1.0
nontll,1.0
im2sexy4this,1.0
zefferita1,1.0
saadbuf,1.0
youngnoble,1.0
MrFreshfood,1.0
ShirtShackInc,1.0
ImFadoua,1.0
JacobLiveYT,1.0
Elis27C,1.0
MonstaHead,1.0
Antonysamy100,1.0
KardinlZ,1.0
BenhamouJ,1.0
VeganBatch,1.0
ouzhouhupq,1.0
andyhoddle,1.0
machine_1979,1.0
RandomCynthia,1.0
ririlami,1.0
TheRadioholics,1.0
dbthom03,1.0
PLoyWHAN3,1.0
katatzyna,1.0
OnklStief,1.0
buyopuyo,1.0
z_bloss,1.0
WYZzhu,1.0
pedescoll98,1.0
bokyoonse,1.0
AlexanderVitusS,1.0
Dreamer9606,1.0
salmanhafeez86,1.0
Bryan3Maldonado,1.0
Nancypedia,1.0
l3alley,1.0
skyrator,1.0
AleksShishkov,1.0
KifO4o5,1.0
raulmarfer,1.0
aryaph,1.0
estehelen,1.0
chacebzhang,1.0
KakhaCheko,1.0
MarcS58908667,1.0
ahmetcik0694,1.0
x3Vodka,1.0
Kirolove11,1.0
JohnBran16,1.0
VBartholdy,1.0
Dynal_M,1.0
ffreirito,1.0
joaomarcoslopp,1.0
mmcalvo,1.0
nickjune1968,1.0
BrennanKnudsen,1.0
thejeje7,1.0
Jacquel67912947,1.0
AsgharTaimoor,1.0
asatama5,1.0
LAICHU4,1.0
Amoritia,1.0
ehdrbsrudejr,1.0
rointy,1.0
ilovetoclog,1.0
naren55741144,1.0
HabbolanAcc,1.0
MariellaChiara,1.0
antonysaoko,1.0
_vaccines_,1.0
C0BRA_5,1.0
e_dzns,1.0
zMaiyan,1.0
KydroOfficial,1.0
_CamThaGreat_,1.0
YaBoiNave,1.0
LudicrousLupin,1.0
jakeyeverson,1.0
Zivoni_,1.0
Timeclore,1.0
Abhijay_thute47,1.0
Spicesnight,1.0
NIGINextTuber,1.0
ThrustfulMite,1.0
Freckllezz,1.0
CynagaYT,1.0
VarronPlayz,1.0
VictorWinyu,1.0
joseph88wu1108,1.0
ellan704,1.0
Alexnumelin,1.0
boochikim,1.0
RoshanKalyan,1.0
reno9898,1.0
Wild_Vlees,1.0
GkLakon,1.0
AndVivienne,1.0
KaReYLuVsLeeLa,1.0
CheesyYummy,1.0
FlorClarinha,1.0
swankytrini22,1.0
Daisyluooo,1.0
FanaegoK,1.0
suah914,1.0
Antonio60241394,1.0
Finnermarker,1.0
dakvv,1.0
piminlove,1.0
KenTS1988,1.0
vajjyaj,1.0
IaM_Playful,1.0
lunetta_gueldry,1.0
ashkanashkyalag,1.0
kimpeno,1.0
JesseSoSerious,1.0
yu__qi,1.0
casmincas,1.0
Johnquigley24,1.0
Sniperschatten,1.0
anelio12,1.0
MakeBurak,1.0
Revel2019,1.0
ThriftedStudio,1.0
kellyfleck1,1.0
lilly2768,1.0
Littleww,1.0
TrevorRisdon,1.0
JianJackie,1.0
muammertatekin1,1.0
lilkome,1.0
anthonut415,1.0
egha_megatyas,1.0
dolceflirt1,1.0
Lanna4444,1.0
alessandrovend4,1.0
csutika007,1.0
TheRushedAce,1.0
byvnbee,1.0
Haroldjardeleza,1.0
FootprintsAcc,1.0
BCAthletics,1.0
Cellphonez,1.0
ramaninsan6222,1.0
honkeungmak,1.0
icebear013,1.0
WeddingsbyNieda,1.0
chik___79,1.0
SherlynPearl,1.0
JorgeJalo1,1.0
platinumbd,1.0
wujagezugege,1.0
trev_perrottiii,1.0
studentloanlaw,1.0
websmithinc,1.0
Ryerson_SLS,1.0
nico_ikenofox,1.0
BurComConsults,1.0
l4christ,1.0
getpaidonlights,1.0
ukbettips,1.0
REITReport,1.0
yorganic,1.0
YouniqueDivas,1.0
FocusSalon1,1.0
Greenhousehotel,1.0
ban262003,1.0
yhonachristy,1.0
Julia_Byrnee,1.0
dromemenswear,1.0
SyncProperty,1.0
FasPlaces,1.0
mikeyvoteacc,1.0
_essty,1.0
AitkenPatriot,1.0
Rhalkhalid,1.0
Gretsnig,1.0
spitfiresparkle,1.0
jasyuen,1.0
cassandradenis6,1.0
bozemanskid,1.0
orangeandbronze,1.0
vouch365,1.0
Fabio11539587,1.0
STTravis,1.0
tinaspencer153,1.0
ReedRudyTalent,1.0
SusanXiong2,1.0
ACCA_PK,1.0
ladyfrost79,1.0
CoolRandomStuff,1.0
p0lylici0us,1.0
TheIvyBookshop,1.0
SaletteUSAtv,1.0
BrooklynParkMLS,1.0
taliamrosenberg,1.0
WGB1206,1.0
Millffie_bot,1.0
ishoppinggroup,1.0
wesokucu1,1.0
gumilargugum7,1.0
nhordz_310,1.0
USTAYNHEALTHY,1.0
cafemangii,1.0
YourAirExperts,1.0
Fireart_studio,1.0
Dream_World11,1.0
BooogieWoogieB,1.0
jaywill68,1.0
Akshsoccerfreak,1.0
GMTaikucing1,1.0
Otis_Goetz05,1.0
dawnrjensen,1.0
StillWalks,1.0
healtycookinfit,1.0
GStevenBarnett,1.0
GP_Today,1.0
RobertoJFontana,1.0
NeonNuka,1.0
burndiv,1.0
laneandkentnews,1.0
CuntsCorner,1.0
pooltown1,1.0
CaimCarmen,1.0
citymb,1.0
pickle517,1.0
SmekendeStudent,1.0
ManCity1894Indo,1.0
TZB86,1.0
CreditExperts,1.0
salessuccessTV,1.0
fenaninawazy,1.0
SMinamigawa,1.0
muhajir_faraz,1.0
HostelVegan,1.0
Broken_Paws_Int,1.0
princexmen1,1.0
EsaNanda_VR46,1.0
jmabasa65,1.0
PDiamantis,1.0
TeleGoodLife,1.0
Abbyfatah,1.0
SassyGurl571,1.0
chibuezenwali92,1.0
thatsickson,1.0
JewishTennis,1.0
DollarMusic35,1.0
lourdesxoxx,1.0
ServproNewtown,1.0
GoelAruna,1.0
Santtosssu,1.0
GMA7Yasmien,1.0
DavisRd519,1.0
JobsMississippi,1.0
Alex16666875,1.0
kittybigbear,1.0
ExperienSelling,1.0
KoolDArzan,1.0
SBCKansasCity,1.0
_MajorMassSpec,1.0
Moneyclassic,1.0
santosh_kamboj,1.0
paleographyeco4,1.0
Jaime_A_Sommers,1.0
shadowjeer,1.0
SinSin030696,1.0
CHS1226ACHI,1.0
msubtweeter,1.0
aHnaeMoriParfum,1.0
annewww17,1.0
BaribaultJewelr,1.0
mcc8409_dianne,1.0
AskMenUK,1.0
sunflowersdrew,1.0
lptsNOW,1.0
SilverbergOptic,1.0
welovelb,1.0
RVExti,1.0
GPLConway,1.0
TechBagarai,1.0
seventeenjam,1.0
DylanChambers_,1.0
PeterBMair,1.0
_ThefryingPan,1.0
AreaRott,1.0
MRunea,1.0
CarmaBooks,1.0
etuma360,1.0
Malikzaara1,1.0
interfluidibot,1.0
l_motta,1.0
ARMYMOM389,1.0
SelenaGCrew,1.0
AngelinaLibbi,1.0
stevecstian,1.0
foraceir1976,1.0
TXCR,1.0
ZEZONBLUE,1.0
0utdoorshopping,1.0
ritapohlman,1.0
niallswife_23,1.0
ourEnsemble,1.0
bdrya21,1.0
talkatshop,1.0
looolla12,1.0
michaelsgrays,1.0
xiwocyremasi,1.0
kornmoritz1,1.0
MoScarlet,1.0
xtreme_ninja,1.0
CatherineDCover,1.0
HomeHealthIL,1.0
HensonBrand,1.0
natures_table,1.0
STRAUSH0USE,1.0
HiBye51913015,1.0
anne0867,1.0
hkjl111,1.0
holyhead6thform,1.0
WoerdenN,1.0
HijoeLigia,1.0
Rokunas,1.0
RowChampion,1.0
palsomu9,1.0
dlastory,1.0
iamshivam32,1.0
teamstronggroup,1.0
Hawkschef13,1.0
SazryZahary,1.0
nakamagorosei,1.0
BrendanOConnel,1.0
ScotiabankVI,1.0
DJ_Leivas,1.0
nussdos,1.0
A1golfshop,1.0
jennife94353146,1.0
LG5Queen,1.0
iamPeacemark,1.0
ButDidYouKnow,1.0
Solartactical,1.0
VisageMail,1.0
RavitaInsan1992,1.0
se20magazine,1.0
mobilebaytradin,1.0
MaxReddick,1.0
chrismeenach,1.0
mvw2015,1.0
bahairtwtr,1.0
handelville,1.0
StarbriteDiego,1.0
JonahBokaer,1.0
AegisPrimeGamin,1.0
airblueairline,1.0
BetsysBaubles1,1.0
jeanneadrian,1.0
AdockoTaxy,1.0
SouthbayRental,1.0
RISEwithSOL,1.0
ponydarling,1.0
Tier3Marketing,1.0
RomeoSy_va,1.0
erwiiiiiiiiiiin,1.0
fimpires,1.0
Coilythoughts,1.0
CocoaDaisyKits,1.0
PrintersPost1,1.0
ron_duprattford,1.0
Tim_Chirkov,1.0
BiggieDelien,1.0
AmericanIronMag,1.0
xKunay,1.0
A23K12,1.0
0Gisselle0,1.0
steph391973,1.0
nanapatty1369,1.0
shahir_raj,1.0
sstoner07,1.0
UrologyCareFdn,1.0
BiLover666,1.0
SpotcapAU,1.0
naosumelife,1.0
dutchessfair,1.0
TheOldRep,1.0
filmy_freak,1.0
Sir_Templar,1.0
Winkworth_WE,1.0
money87775413,1.0
virgi_anastasya,1.0
Barginbook_Man,1.0
IgniteSoPlacer,1.0
heathermoire,1.0
DJKontrol,1.0
KawasakiFans,1.0
EMEARecruiter,1.0
i_m_d_iskur_m_e,1.0
NWYC,1.0
mallory67722,1.0
rossanakiekeben,1.0
iFateCapricorn,1.0
angelikamaria_,1.0
PEechochamber,1.0
ARD703,1.0
shopiPad,1.0
Daniela76256500,1.0
rand99j,1.0
arnonsanonoi3,1.0
Boston_Jobsite,1.0
CvilleSLC,1.0
Ynnejzedlav,1.0
StLouisMB,1.0
stpaulscary,1.0
AndreaGoiburu,1.0
KY_NOW,1.0
UjalaShah11,1.0
GoldbergSegalla,1.0
JohnMongiovi,1.0
DespairGB,1.0
socialwire878,1.0
WINDAAG,1.0
rgoswami99,1.0
foolsgold_horan,1.0
GYROTONICCLEV,1.0
lcash80,1.0
qapopycajif,1.0
abnewsind,1.0
enbyjirou,1.0
MGMIntraday,1.0
MyNaijaFamily,1.0
arenastage,1.0
DDW73,1.0
Streetz_Frm_4RB,1.0
SCProotme,1.0
BuckyBadger643,1.0
LindsayReagan1,1.0
InsideNoVA,1.0
amibennett,1.0
Saif_Bin01,1.0
BergmannKord,1.0
Jeshargiedan,1.0
thispxrpose,1.0
AElkasrawey,1.0
misslisagreen,1.0
GasmicMusic,1.0
Illuminati_TV,1.0
Questcuties,1.0
Amainethology,1.0
MadeInB_be,1.0
dollytopsy,1.0
Wmah1B,1.0
MedBook,1.0
airstripio,1.0
cuwutahedyfe,1.0
38370ba0e6c644a,1.0
TheLSECourse,1.0
RickGosserMr,1.0
OnlineBaitShop,1.0
OPTreasure123,1.0
2cuteink,1.0
LansingBrown,1.0
wpsolu,1.0
MatthewChapma15,1.0
MahealaniWilbur,1.0
luffjduf1,1.0
tubesa_jennifer,1.0
MKEN_UEA,1.0
RobProSporcle,1.0
HealthMovement,1.0
KyleBihlmeyer,1.0
viviane84730125,1.0
business_pr,1.0
The_Mandale,1.0
muhdizz13,1.0
CCWoodmore,1.0
jsnsntz,1.0
ahmedaldaoudy,1.0
BhartenduRoy,1.0
kobkiatr,1.0
tlrelf,1.0
TobiasSchfer3,1.0
meganslipstick,1.0
Garf155,1.0
tammyandjerryp,1.0
k8baldwin1,1.0
BiWiBlog,1.0
NCCommunityFdn,1.0
ThoughtReach,1.0
llmrt3,1.0
gendisasters,1.0
almarocha25,1.0
TrackUniversity,1.0
VOSTamericas,1.0
PennNajah385,1.0
Leisure_Fitness,1.0
mrawhide5,1.0
zeibak1,1.0
baileyvarble,1.0
HelenPolhill,1.0
Bernadosleanna,1.0
9689f2884b8e4d6,1.0
vezakeragadu,1.0
SlickText,1.0
DominicWitten,1.0
lewisbishop1,1.0
toshi04214438,1.0
perclickcash,1.0
Quokkatesting,1.0
Thevillagesw,1.0
MaxPromote,1.0
jonnathan888,1.0
carnegiePI,1.0
rsm3259,1.0
KapuzaMs,1.0
Happy_aa1,1.0
gettscene,1.0
lunevykafes,1.0
nory2264543481,1.0
Text_Request,1.0
howjenaltan,1.0
bieber01_rt,1.0
PortugalEnglish,1.0
brainykid007,1.0
MACVIVAGLAMFund,1.0
eurodressage,1.0
TommyGrey2,1.0
rscottharrison,1.0
icots_io,1.0
hannahbeila,1.0
CarolGuzmanz,1.0
OffSReidFansite,1.0
thehiphicks,1.0
DigMedGhost,1.0
Krisvintclothin,1.0
itsfino1,1.0
enzo1678,1.0
Gigilyn1023,1.0
RPsFeeling,1.0
Emanuel_TheDmon,1.0
DrTomMartinPhD,1.0
Twinbee1970,1.0
EsmeraldaKiczek,1.0
louietheownah,1.0
henchthumb,1.0
3thb511,1.0
1152624769,1.0
lvping7788,1.0
WavemStudios,1.0
gvmpavankumar53,1.0
AntJimenant,1.0
fefebat,1.0
azamuddinarsad,1.0
aserrano1001,1.0
247sportsdaily8,1.0
KalaniBallFree,1.0
jjang_mini,1.0
david54733,1.0
G3ZB6CGqQ9l6Svo,1.0
BeatingHerUnder,1.0
eggiepay,1.0
JanaNeumann4,1.0
BrianDEvans,1.0
BharadwajMutal1,1.0
Steffanygoncal3,1.0
MettlerGigi,1.0
understandme418,1.0
iamsoftware_inc,1.0
teiio50,1.0
Animal_Rights_Y,1.0
Schoochwellard,1.0
NicoMaturana1,1.0
SandipPan123,1.0
selaheng,1.0
HenrySm04207064,1.0
van_nilson,1.0
tderincquesen,1.0
sweetestscoop,1.0
sebasti34395859,1.0
CAA_Official,1.0
AshleyJ14447621,1.0
eriiqaaa,1.0
TheDailyEdge,1.0
YoanVendittelli,1.0
hakan_106,1.0
ihtcoin,1.0
abooaa1229,1.0
funky_1973,1.0
liban_27,1.0
visuallover2007,1.0
EMC_DJ,1.0
Only1Goldy,1.0
davidycijtxr,1.0
TeamOurBieber,1.0
srinath17121990,1.0
DistributeMyCV,1.0
baba_gang,1.0
AliDesign01,1.0
Alanoboy1,1.0
shishivani1,1.0
jimmyika14,1.0
0Wesley1,1.0
AsiaM_VIP,1.0
PeluqueriasLD,1.0
Redstone4MASTER,1.0
ForBarnet,1.0
brookiee232,1.0
Lulabro11,1.0
wishluan,1.0
marstu67,1.0
Pizza_doBruno,1.0
MrGtexas_,1.0
laurent17690,1.0
OTruta,1.0
AviaGmail,1.0
WoodyCarbonez,1.0
Shami_Das,1.0
cdalybm,1.0
meladlove54,1.0
iluvme87767401,1.0
Animalesdogs,1.0
Jcsbeatpage,1.0
BigboxWww,1.0
DelenaShow,1.0
brunosrayban,1.0
scarylatti384,1.0
PompoMompo,1.0
omeroktayball,1.0
goncaozyurt1,1.0
djwaynemccardle,1.0
JitsWeb,1.0
AranchaPlata,1.0
ardautku1,1.0
lisatroutman2,1.0
kevinwhitsitt77,1.0
Jeroen13526132,1.0
SkilletUltmate,1.0
Adam4Sian,1.0
books2delight,1.0
tolisv,1.0
chgonhou,1.0
victorRocco77,1.0
___a16,1.0
JuniorJoely,1.0
DocFP,1.0
djones95yahoo,1.0
tucu_egea,1.0
Justynka182,1.0
KUERT_Germany,1.0
Ali__CBA,1.0
estebansonxd,1.0
JuicyAmpik,1.0
palmerspenc,1.0
experttaiwo,1.0
LaurelRanah3982,1.0
RolevsPlay,1.0
ola25012003,1.0
chenyz163,1.0
coreacom,1.0
RENA_816614,1.0
ByronErnest,1.0
Keesan_8269,1.0
JaydenSierra,1.0
____Hayley____,1.0
Scaramucci,1.0
michaelmallon8,1.0
FatSkinnyGrl,1.0
MattsMickeyEars,1.0
avinute,1.0
llogarmadon,1.0
Lilly0400,1.0
rvinnovcenter,1.0
Andy_OSullivan,1.0
shabirkhan3,1.0
lornadocherty,1.0
CryptoLeos,1.0
cleoxrecovering,1.0
memetbanu,1.0
EinarHavsteen,1.0
MadridRealES,1.0
Directionner_40,1.0
Preggoluffa,1.0
MelanieSwolfe,1.0
Jessica65761588,1.0
rainsperfume,1.0
hsj6104,1.0
icha_ayank,1.0
comemelo20,1.0
Dala__3311,1.0
bruuuh_3,1.0
Brandi9099,1.0
BeatriceYakubu2,1.0
chiefdickenball,1.0
Col0905Dpl,1.0
ibeto_89,1.0
bakesbrunches,1.0
sergio_fenandez,1.0
Laurenasaurus95,1.0
DirtyPapy,1.0
destmf,1.0
JullyMiri_xxt,1.0
cyccyc03,1.0
Pug_Warlord,1.0
paraolife,1.0
treyTheyoungsta,1.0
ExecAutosCars,1.0
DarkoneOfDamned,1.0
CIF_Team,1.0
BarraultJean,1.0
sagopakajmerfk,1.0
Obielicious,1.0
item522,1.0
fikret_karakaya,1.0
VicVersa1992,1.0
aspen_soffe,1.0
BrunoBernier1,1.0
alexgarcia_jpg,1.0
BigDimesBets,1.0
ajcampos01,1.0
dgmario,1.0
laurynbettles,1.0
TomOld123,1.0
jonghoekjung,1.0
Jeremy0405,1.0
DieGui98,1.0
cabimero11,1.0
mauricefreedman,1.0
Chico_Mills,1.0
DinahMightLaugh,1.0
ghanem2073,1.0
KingRosea,1.0
eike_humor,1.0
_itsrenn,1.0
ross13581,1.0
KaneNosh,1.0
gabrielalindade,1.0
weskem,1.0
gokar2241,1.0
H2Biblehimer,1.0
cl_ilona,1.0
NaveedAhmed17,1.0
ana1_2011,1.0
RTtheBEST,1.0
cbswith3,1.0
ragonro66,1.0
kinhdoanhflc,1.0
AsatruWoman,1.0
Ricalino92,1.0
LyzbethSolis1,1.0
rich_succ,1.0
Ervasukses99,1.0
opazarr,1.0
TrevorLeWoof,1.0
toozab,1.0
ironikadamm,1.0
TheSonOfRice,1.0
Gq45W,1.0
coinhealth1,1.0
martin100_eric,1.0
Stinkypiglet1,1.0
THISISTCO,1.0
armadilov,1.0
LiddellRachelle,1.0
JosphElsen,1.0
sureshguntha,1.0
SIbraheim,1.0
clothingwearau,1.0
chosenonewins,1.0
_AaronOfficial,1.0
allin1prank,1.0
GeekSpeak12,1.0
rumeysavrils,1.0
nursekars,1.0
GBSales,1.0
conormccarthy8,1.0
emmahuntart,1.0
Keelin_McMann,1.0
tristin000,1.0
startup_takeoff,1.0
zantefamily17,1.0
EleonoraDiCroce,1.0
Cr7Fran4ever,1.0
Eugenio_Sk,1.0
aothitis,1.0
iLY_LilChuckee,1.0
UnionJArmy_JJ,1.0
CainKacain,1.0
KILLER8719,1.0
fGgardiner,1.0
hdkim0425,1.0
FatosBrisados,1.0
CEVDETKAVLAK,1.0
sofkhaneland,1.0
jonnie1988,1.0
isuru6607,1.0
O2__KSA,1.0
LuxuryPhotoTour,1.0
bieber_boy2,1.0
ADevotedYogi,1.0
mobasharahmed,1.0
kaiji_official,1.0
leahbearhart,1.0
narniall,1.0
stojkovic_alex,1.0
JimBrantley4,1.0
MarcePCsolution,1.0
mich_lamb,1.0
FuckLeSysteme_,1.0
7121990CHATHURA,1.0
Djauahsushshh,1.0
anita2371,1.0
tillyparker13,1.0
AlbuAnaMaria28,1.0
snowblindguy,1.0
Eat_Mhy_Beauty,1.0
bitchy1996,1.0
NadirOfc,1.0
chochanchan,1.0
William13Dinham,1.0
IsabellaManetti,1.0
Koningin_BE,1.0
SalmanIShah1,1.0
Carmen_kristina,1.0
johnhall,1.0
Guttabutta__,1.0
GewoonRobbert,1.0
Tees4LGBT,1.0
Dips_Rocks,1.0
dalewagner38,1.0
ProphetNyce,1.0
diias_naanda,1.0
TheJonasSet,1.0
JM1249,1.0
Dieg0Portillo,1.0
johncena61900,1.0
Whitney014xEH,1.0
EngCivilGio,1.0
24Jaredbish,1.0
candrayadi,1.0
2011conectados,1.0
Bryana_arnold,1.0
kamilion10,1.0
seveno70,1.0
jackie_419,1.0
sdw54,1.0
Madieeeeeeeeee,1.0
DeclanYetiNicol,1.0
ElizmiOfficial,1.0
optimisticmom12,1.0
Siir_Sokaktadir,1.0
Aridego,1.0
Insomnisa001,1.0
Tshawjr65,1.0
TomHall,1.0
EisCanuck,1.0
Michelle_M21,1.0
yasinerofc,1.0
sebaas47,1.0
rogers_dani7,1.0
LoveandRoad,1.0
pasadviral,1.0
Cammy_Beleen,1.0
MorrisPrank,1.0
MarsNigguh,1.0
NewYorkS0ul,1.0
nadezhdalaular,1.0
mrkingdomo,1.0
aussieontheroad,1.0
FcoAssisFreitas,1.0
Dillido,1.0
camiiibieber123,1.0
KB_Locks,1.0
clout_bruh,1.0
tomjpalamattam,1.0
ina_sarra,1.0
PankajPatil2557,1.0
thalimede,1.0
05neaL,1.0
CARLOSRucco,1.0
sylvesterimhara,1.0
a_dudko,1.0
ashleyml09,1.0
taylaahhjayhde,1.0
LiveLoveNiall,1.0
Chandra1Vinod,1.0
MrcampingT,1.0
HeinzMarketing,1.0
szymonpindel,1.0
imrankh24822201,1.0
Andr10xa,1.0
spullara_sl,1.0
alvaroperey,1.0
katyartist2015,1.0
BeachBoi321,1.0
JimmyDeRoche,1.0
_honorio2012,1.0
WilliamBrodskyy,1.0
dejuan_kyle,1.0
yanghuyy,1.0
NatsuIDragneel9,1.0
MurrayNewlands,1.0
Jmora124,1.0
frederik2011200,1.0
Champ_Payne,1.0
deonessdawins12,1.0
budiartbjh,1.0
LFC,1.0
StreetwearPIugs,1.0
prankdialroxxxx,1.0
poksystems,1.0
pXaUfGvfA3tDsD2,1.0
momo03071,1.0
goeyens,1.0
bastrikdoriang2,1.0
Pwk1012,1.0
HungUpOnABitch,1.0
sexii_Fitness,1.0
Pete_EC,1.0
angle198427,1.0
reiniere2015,1.0
drollis99,1.0
nebevimesaj,1.0
Cmiina,1.0
T34M_Cut3N355,1.0
ElenaMcAdams3,1.0
piramikim,1.0
aliciama118,1.0
b60_n,1.0
icoretweets,1.0
photo_ace,1.0
franbaarbosa,1.0
iPragmatico,1.0
LorriesYeung,1.0
lovemelody95,1.0
AlexandraFansWW,1.0
QueenDiana999,1.0
Fabiano20800607,1.0
a9be06b23b0d418,1.0
GoddenBrittany,1.0
WaynejrHaro,1.0
hamedidir,1.0
ValueConcepts,1.0
VedicSage,1.0
KaraDeMonae,1.0
xKeyti,1.0
neoseol,1.0
QuoteGirltruth,1.0
genuis0523,1.0
Freebies_Canada,1.0
bullyginge,1.0
ahmedzizo66,1.0
princess0eni,1.0
Gloat_com,1.0
PaddyDonnell,1.0
samoc347_sam,1.0
gary_p_corcoran,1.0
RobKeating,1.0
Thao_cholding,1.0
exismusic,1.0
gjhhfgjj,1.0
Nappies4Charity,1.0
UNeed2LawyerUp,1.0
rixonlou,1.0
Obsession_19a,1.0
Caleb_Oluwa,1.0
mrboiko1,1.0
King_Keyword,1.0
JocipSarmiento,1.0
jeremonian,1.0
mvpsos9,1.0
pennyholntlworl,1.0
garcia7786,1.0
nyleve_eav,1.0
pocari12345,1.0
GusCook1,1.0
seanryanh,1.0
samson_roma,1.0
CynnaLynn143,1.0
Mag1c_Marcus,1.0
MjhzJamu,1.0
hiphop2321,1.0
BryanKilvinski,1.0
sheriffjamie,1.0
sheallen2000,1.0
MillsReggie,1.0
yayoshair,1.0
LucaRossi369,1.0
djkingassassin,1.0
sheharyar1234,1.0
indieboyboy,1.0
ProfRobStew,1.0
ignoreance,1.0
hannibalgrueso,1.0
ardicsyarif,1.0
MSD411,1.0
ithinksthatways,1.0
agnaldoduble,1.0
5ain8,1.0
iGoogleBieber,1.0
Sheluvsports,1.0
navash73,1.0
WorldEliteSyn,1.0
hbcy79,1.0
satalymike,1.0
2CkQqStfJf9U8tY,1.0
visit2007,1.0
dhanunjaydinesh,1.0
NiallAshe,1.0
alaghaarts8,1.0
jaygirl212,1.0
jatin4love,1.0
atabenli,1.0
Londonjaney,1.0
Angelina_babyx3,1.0
rahul_rahulx988,1.0
FinalFantasyRef,1.0
tacollama2,1.0
AleksandrZorin,1.0
Bryan700,1.0
LoeKotryna,1.0
dariojuve03,1.0
ilarefimov1987,1.0
malupcial,1.0
RIA1506,1.0
MissLeanaLee,1.0
BrianLeeRobinso,1.0
stressfreeme86,1.0
TalhaVlogs,1.0
Taylor_Kathrynh,1.0
saddiqueish,1.0
quispe_unico,1.0
BillyClarksonnn,1.0
aassppmm,1.0
ktanaka13,1.0
princess_dosah,1.0
BeautifulArtMe,1.0
badgalririUK,1.0
am7366,1.0
comyusho_game,1.0
zafirakalisha,1.0
svenskannika,1.0
BlackieCanela,1.0
MilitaryReport1,1.0
__tomcusack,1.0
Akhnos,1.0
CCGS_SousVide,1.0
noblesixxx76,1.0
Kang_eun_sun,1.0
worshipflow,1.0
TheBillsZone_,1.0
airogame,1.0
herbertfhugo,1.0
thaismessias3,1.0
joydeep_in,1.0
wutCaiss,1.0
Ateball76,1.0
aurelias_alaura,1.0
J3basketball,1.0
Kyler_Sun,1.0
BlahhOreo,1.0
Follow123Go,1.0
NevaehStarlee,1.0
KentMoran,1.0
jayflymastering,1.0
jenny84728667,1.0
KingAssassin5,1.0
whofkc,1.0
kreem_lave,1.0
DHPRECORDS,1.0
asyraafadnan,1.0
derein_lights,1.0
caio_deves,1.0
JessicaLaurenMa,1.0
ParkashBrar1,1.0
cemancsh,1.0
francis2g3,1.0
fredutz,1.0
OndraDobe,1.0
inmortal_garen,1.0
VolcanicElement,1.0
AdriaWingate,1.0
Julissa90210,1.0
theJeffCowan,1.0
AinhoaLove69,1.0
larson_cardwell,1.0
ayeshaahamed,1.0
Darren00964175,1.0
pili_calzado,1.0
edupinto101,1.0
parketOdessa,1.0
nice2887,1.0
JaeJYJJJ,1.0
vinaybahirwani,1.0
holland_zoey,1.0
gmranspecial,1.0
Sassy_Kassy37,1.0
MrVegas2020,1.0
nastyrck,1.0
ESTRESTAR,1.0
Ideasnquotes,1.0
christinebaril,1.0
anson6453,1.0
aa_jon,1.0
mo352010,1.0
maliarooms,1.0
SupraMan1989,1.0
muratah27469096,1.0
guowei534,1.0
breendacarc,1.0
badw0lf19,1.0
rombookpromo,1.0
rabialoveszayn,1.0
greaterthandave,1.0
ZaneRodriguez1,1.0
BeWarmers,1.0
Trmpwin,1.0
leitmarvin,1.0
ShitpostBot5000,1.0
DadaistBot,1.0
salazarcedillo2,1.0
HydroElections,1.0
RedScareBot,1.0
godtributes,1.0
charjoe2000,1.0
haikuthegibson,1.0
MetaphorMagnet,1.0
kpieper876,1.0
Truth777True,1.0
PGApparel,1.0
mubbi_muhammad,1.0
chashmiss,1.0
snurbbotinfo,1.0
PfannKPolizei,1.0
sextsbot,1.0
IMayTalkStuff,1.0
Teddysmom1,1.0
MichaelGreens12,1.0
raphaelha67,1.0
the__waves,1.0
infinite_scream,1.0
blizzardbing,1.0
BrundageBot,1.0
SpaceJamBot,1.0
PoCorGTFOBot,1.0
MikeSmi66563284,1.0
probabot_,1.0
i7promptbot,1.0
JessicaMill16,1.0
LarryMathieson,1.0
edward_spratt,1.0
asatiani6,1.0
hyomin1914,1.0
TrumpsBrit,1.0
Event_Registry,1.0
Stes2801,1.0
BOTUS,1.0
DarkMoneyDt,1.0
ElastigirlVotes,1.0
porpentina2017,1.0
ProfSybill,1.0
QueenieG2017,1.0
AlastorMoody6,1.0
CMDR_Paylor,1.0
LunaLuvgood2020,1.0
txmockingjay,1.0
Anthony_ofYork,1.0
natasharesists,1.0
Coulson2020,1.0
AgentCarter_SSR,1.0
WolverineResist,1.0
Leeceea1,1.0
48Jerk,1.0
MsContrarianSci,1.0
ihavegreatshoes,1.0
nsfraudbuster,1.0
JohnFromCranber,1.0
POLITICSandFUN,1.0
Hoosiers1986,1.0
TreyDwag2020,1.0
Deplorable80210,1.0
G_ozzy,1.0
EjHirschberger,1.0
noah1981us,1.0
NWOinPanicMode,1.0
AD_WHITMAN,1.0
zurvollenstunde,1.0
AliceDiana12,1.0
Rheumbot,1.0
TaylorSFak444,1.0
seanperciv86428,1.0
CristyDanford,1.0
Marianocrt,1.0
anilmuppidi,1.0
arturconandoyle,1.0
wandaledh,1.0
dnomaidBot,1.0
theresamaybot,1.0
IoT_Chain,1.0
_primes_,1.0
RunicLoon,1.0
worldnews_5,1.0
WeRaBot,1.0
knowledgebott,1.0
nalla14,1.0
SupAllStreamers,1.0
fckeveryword,1.0
NancyRuhling,1.0
Ali34277,1.0
iembot,1.0
InfoSecHotSpot,1.0
x777xx86,1.0
big_ben_clock,1.0
earthquakesSF,1.0
Jessicapham104,1.0
Ketaminnne,1.0
liulin1221,1.0
marchforscienc,1.0
UndergradEasier,1.0
tomwyatt,1.0
marwan_atile,1.0
kausaruli,1.0
VistaUniverse,1.0
MarcosCasuo,1.0
catmer87,1.0
EarthParazeAos,1.0
1reasontogo,1.0
emoji_dna,1.0
Sunlight_Bot,1.0
_valley_sunset_,1.0
EmojiWeatherCA,1.0
palitra_color,1.0
schmuckbot,1.0
researchinator,1.0
lighthousewiki,1.0
color_parrot,1.0
PlanMyDayBot,1.0
alignment_bot,1.0
TilingBot,1.0
ReadMeLikeABot,1.0
everyringfort,1.0
ROB0TIUS,1.0
RedwallFeasts,1.0
megacities1,1.0
WritersBlockBot,1.0
EmojiSnakeGame,1.0
among_stars_,1.0
doorsateight,1.0
BotZodiac,1.0
palette_gen,1.0
paintingwmusic,1.0
WikiPlotBot,1.0
yearProgressHeb,1.0
WikipediaDelete,1.0
BotClassroom,1.0
a_softer,1.0
eecummings_bot,1.0
FilmRevisionist,1.0
SnailFact,1.0
MillennialMurd1,1.0
WesAndFilmBot,1.0
RoadTripBot_,1.0
partyblowup,1.0
tarojibot,1.0
Emojimuseet,1.0
helloworld__bot,1.0
new_fruits,1.0
furniture_gen,1.0
ANWarriorBot,1.0
LetsPlayTrivia,1.0
NuclearTrains,1.0
FlyFAA_Deicing,1.0
PatternRandom,1.0
RollDiceBot,1.0
IssOverhead,1.0
CSPANFive,1.0
bot_enough,1.0
fake_find,1.0
eatroastbeef,1.0
glitch80bot,1.0
AColourEveryDay,1.0
Cypher_B0t,1.0
PKMNOldMan,1.0
RandomColorGen,1.0
winthroplaundry,1.0
notyourbot1,1.0
HSollewitt,1.0
trendingpalette,1.0
nondenotative,1.0
MuseumGenerator,1.0
soundcloudsaid,1.0
xislikeay,1.0
gendercakes,1.0
osxthemes,1.0
BotMondrian,1.0
BodegaBot,1.0
Rene_Damaul,1.0
100Aux,1.0
botribunal,1.0
deltron_f,1.0
brokenpatterns,1.0
WyWilderness,1.0
BotQuilt,1.0
Bartlebythebot,1.0
bot_abandoned,1.0
Moondogbot,1.0
_AARON_bot,1.0
30minutemix,1.0
Lightbothouse,1.0
ishipitbot,1.0
NPS20180007Bot,1.0
EffDeeEmmu,1.0
HConstellations,1.0
Selfdisembowel,1.0
wolf_clock,1.0
softlandscapes,1.0
BotDuCul,1.0
starnearyou,1.0
nonogram_bot,1.0
JPEGBot,1.0
soundesignquery,1.0
everylotnyc,1.0
tinydotblot,1.0
emojiatlas,1.0
TinyDungeons,1.0
tiny_street,1.0
tiny_mssn_ctrl,1.0
ArpObservatory,1.0
actual_ransom,1.0
50hexofgrey,1.0
365sparkles,1.0
100yearsrising,1.0
glas_veil,1.0
PixelMonsterBot,1.0
dynamicportrai1,1.0
OminousZoom,1.0
MadcoilA,1.0
CityDescriber,1.0
SmoothUnicode,1.0
AdventureNames,1.0
latinonamebot,1.0
sorryenglishbot,1.0
graphmosphere,1.0
FoodieMenuBot,1.0
USDumpsterFire,1.0
lovelivesbot,1.0
fearwantbot,1.0
rhymerobot,1.0
onthisdayrobot,1.0
phl_abatements,1.0
Rothko_Bot,1.0
diehard_1988,1.0
ghostbusters_84,1.0
RestroomGender,1.0
corrupt_memory,1.0
GlitchLogos,1.0
InstallingJava,1.0
AAAAAAAStudents,1.0
BotSpill,1.0
southpoleviews,1.0
randomlivetext,1.0
assortedfiles,1.0
autodoyle,1.0
some_flags,1.0
GhostOfBotPast,1.0
ActSciBot,1.0
folkloricbot,1.0
BraffPatterns,1.0
whinygenealogy,1.0
openbenches,1.0
tinylittlehomes,1.0
Strange_Museum,1.0
FlagsFalse,1.0
showoff_ebooks,1.0
GraphicScoreBot,1.0
botcocktails,1.0
Whinge_Bot,1.0
visualrecordbot,1.0
TinyColorPoems,1.0
extracapitalism,1.0
OffbeatRPG,1.0
costumebot,1.0
JudithBotler,1.0
Smoothiebot,1.0
ruestungshaul,1.0
imgfkr,1.0
spiraesthetic,1.0
winampskins,1.0
realfestivals,1.0
AnarrestiName,1.0
Open_Brother,1.0
DadaistTwit,1.0
BokuWaKinoDesu,1.0
So_YouBotDetntn,1.0
RebottaSugar,1.0
GameDesignXpert,1.0
No_hay_bot,1.0
officefridgebot,1.0
10printbot,1.0
mythlibs,1.0
PlanetarySurvey,1.0
winter_scapes,1.0
ImprovChallenge,1.0
bitsofsaturn,1.0
TorfsBot,1.0
IedereenKevin,1.0
choosetoaccept,1.0
civicissues,1.0
MI6Archives,1.0
2fistedstories,1.0
NanceBot,1.0
VitaVirginiaBot,1.0
infinite_zodiac,1.0
FPAdventuresBot,1.0
dot_scr,1.0
spacesh1ps,1.0
jeorkov,1.0
tinysightings,1.0
autoRNG,1.0
WITCHES_WIZARDS,1.0
best_in_dumbest,1.0
p0em_bot,1.0
art_museum_bot,1.0
doskvolscores,1.0
firici_vici,1.0
botifyouagree,1.0
poetranslator,1.0
findyourreps,1.0
EmojiGenderBot,1.0
1StarLandmarks,1.0
AdjectiveInCity,1.0
happyendingbot,1.0
emojitracks,1.0
FoleyArtists,1.0
dailysicp,1.0
bot_de_colores,1.0
Abolish_ICE_Now,1.0
BotEquippedWith,1.0
mauritscorneIis,1.0
wikitimelines,1.0
DailyPianoScale,1.0
bedbugbot,1.0
dragonhoards,1.0
JoyOfBotRoss,1.0
resenhabot,1.0
cientistas_bot,1.0
osalgoritmos,1.0
CozinhaBot,1.0
NtflxGenerator,1.0
CultureShip_bot,1.0
everyherd_bot,1.0
stellaraquaria,1.0
FakeHQ,1.0
littlebubbot,1.0
SpritesByBitsy,1.0
SynonymSpectra,1.0
window_scene,1.0
yourwindowbot,1.0
happyautomata,1.0
PrimitivePic,1.0
pollockdotexe,1.0
grow_slow,1.0
LatostadoraBot,1.0
ebooks_goetia,1.0
cloudplug,1.0
faketmglyrics,1.0
goth_lyrics,1.0
BotConnectFour,1.0
astrology_bot,1.0
dopamineharvest,1.0
CWF_Forecast,1.0
DRyderNicknames,1.0
wavy_bgs,1.0
LionelIpsum,1.0
hometapingkills,1.0
EveryFeature,1.0
thosewhodgiveup,1.0
BRTLSTvsTRNGLFY,1.0
fakefantas,1.0
LibraryH,1.0
okay_campers,1.0
TwinPeaksBot,1.0
ShowdownBot,1.0
WordsofMcCarthy,1.0
weight_not_want,1.0
AdvSettings_,1.0
Slam140,1.0
arniecommentary,1.0
arguetron,1.0
256farben,1.0
Vox_Plus,1.0
anywizard,1.0
Vox304,1.0
_OutToSea_,1.0
transitingnow,1.0
ManyShirts,1.0
dayofweek_bot,1.0
HomeMoviesBot,1.0
FermiPasteladox,1.0
smilevector,1.0
emoji_pizzas,1.0
botinthewoods,1.0
shakyinsultbot,1.0
shakethatbrass2,1.0
tweegeemee,1.0
rightnowbbcr1,1.0
rightnow6music,1.0
SandpileArtBot,1.0
howmanybigmacs,1.0
genrenator,1.0
trashcanlife,1.0
arrrrdoubloons,1.0
last100bills,1.0
AppraisalBot,1.0
galaxymarcopolo,1.0
maybe_the_real,1.0
computerzooom,1.0
time4gametheory,1.0
sadkeanubot,1.0
theasciiartbot,1.0
Littlelandscap2,1.0
whatkilledme,1.0
boggle_bot,1.0
birdbot4,1.0
badphotoquality,1.0
corporabrackets,1.0
HalloSpacebot,1.0
hypno__bot,1.0
tinyspires,1.0
theairplane_bot,1.0
potus_in_parens,1.0
a_painting_bot,1.0
ArtConnoisseur_,1.0
CatYoncee,1.0
endingsummary,1.0
cool_cats,1.0
gallet_city,1.0
ASCIIGalaxy,1.0
FOIAFeed,1.0
BracketMemeBot,1.0
DumbHolidays,1.0
deitygalaxy,1.0
PrettyBirdsBot,1.0
bubble_bott,1.0
Colourjams,1.0
Datasaurs,1.0
WhosThatPokebot,1.0
DayFingrAuslan,1.0
NiteAlps,1.0
cityatnightbot,1.0
78_bands,1.0
ConceptNetPoet,1.0
HaikuNewsBot,1.0
beetlesbot,1.0
tinygeom,1.0
happyhappydb,1.0
AmznTurkerHappy,1.0
BContestants,1.0
joinmycause,1.0
relativeprices,1.0
DaysTillFallBot,1.0
goTakeThis,1.0
goldenhourSEA,1.0
some_new_cities,1.0
CryptoNamer,1.0
beerlabelbot,1.0
cavern_caravan,1.0
Y_Under_YBot,1.0
newspaperbot,1.0
AntipodeBot,1.0
GoodDogsOfNYC,1.0
all_the_planets,1.0
CheapBits,1.0
emojiMountain,1.0
BostonSnowbot,1.0
BingoBits,1.0
BotCarrion,1.0
Botgle,1.0
BrutalistEngine,1.0
Cecinestpas_exe,1.0
ChuckieNorrisie,1.0
Clipart1994bot,1.0
ATBrokenNews,1.0
BikeVeniceBot,1.0
BikePortOfLABot,1.0
CutePetsBmore,1.0
DailyDesiderata,1.0
DearAssistant,1.0
DeepDreamThis,1.0
Deutsch_Falsch,1.0
DeuxTitres,1.0
Diaeresis_OTPs,1.0
DoSomethingBot,1.0
ESBcolor,1.0
EmojiAquarium,1.0
emojiastro,1.0
EmojiLoveBot,1.0
EmojiMoodBot,1.0
Emojiforest,1.0
FederalistBot,1.0
FinnishFlags,1.0
FixmeBot,1.0
FlagFacts,1.0
ForTheRecordBot,1.0
FrontPageBot,1.0
GOT_a_theory,1.0
GalaxyGenerator,1.0
GenerateACat,1.0
GitWishes,1.0
GoOutsideBot,1.0
Gobbobot,1.0
HeroGraveyard,1.0
HiRISEBot,1.0
Hitch_Haiku,1.0
HundredZeros,1.0
HypernymBot,1.0
ImagesDArtBot,1.0
Kaleidopix,1.0
KeplerBot,1.0
LinkArchiver,1.0
MMecharin,1.0
MancOrchSays,1.0
Mgk8BallBot,1.0
Introspectorbot,1.0
JustDiedBot,1.0
JeffGoldblumbot,1.0
JSLibGenerator,1.0
NoEmojiForThis,1.0
NlProverbs,1.0
SVUFutureDrugs,1.0
SatelliteEurope,1.0
SecretHistBot,1.0
StoryPremiseBot,1.0
SunsetGenerator,1.0
TatsIllustrated,1.0
TinyAdv,1.0
TinyCrossword,1.0
TinyProtests,1.0
TonightWeBot,1.0
TrigonometryBot,1.0
Trumpgone,1.0
UnicodeParade,1.0
UC_Poesias_Bot,1.0
UnlikelyPowers,1.0
UnrealBritain,1.0
VillanelleBot,1.0
VergleichBot,1.0
WikiPhotoFight,1.0
WikihowDreams,1.0
WikipediaBits,1.0
WizardGenerator,1.0
YouLookNiceBot,1.0
XYZPunk,1.0
allTheTyping,1.0
alleverleser,1.0
all_in_cards,1.0
alltheminutes,1.0
alltheplanets,1.0
AlmostAmends,1.0
anappleadaybot,1.0
AndromedaBot,1.0
anthrobotica,1.0
artassignbot,1.0
astrobot3000,1.0
astrove_bot,1.0
bankedits,1.0
betteridge_bot,1.0
archillect,1.0
autoarspoetica,1.0
bon_appetiny,1.0
bot_ideas,1.0
bot_teleport,1.0
bot_the_dickens,1.0
BotBaum,1.0
botdoesnot,1.0
botmakingart,1.0
botshopecash,1.0
botsmellslike,1.0
BowBowoof,1.0
brandnewplanet,1.0
btcsupply,1.0
busyadvice,1.0
CarloMarxBot,1.0
catalog_drowsy,1.0
catsnacks,1.0
cdarwin,1.0
ceasedesistbot,1.0
censusAmericans,1.0
chernobylstatus,1.0
choochoobot,1.0
civ5_jobs,1.0
clitoscope,1.0
collationBot,1.0
colorschemez,1.0
cryptword,1.0
daft_stars,1.0
dailyasteri,1.0
dailyglacier,1.0
dailyoblo,1.0
DailyPatent,1.0
deshumani,1.0
differencebot,1.0
digitisethedawn,1.0
donorschamps,1.0
dscovr_epic,1.0
dungeon_junk,1.0
earthin24,1.0
emojiUSA,1.0
emocage,1.0
emojitoemoji,1.0
everyarabicword,1.0
everyonesai,1.0
everyportland,1.0
fake2pmfics,1.0
fallingleafbot,1.0
fishyglyph,1.0
fiwotd,1.0
forestgen,1.0
functionalemoji,1.0
future_junk,1.0
genderposibot,1.0
gettophilosophy,1.0
gimmeapc,1.0
glossatory,1.0
greatartbot,1.0
HaikuMurakami,1.0
happymoonbot,1.0
hashfacade,1.0
headsandwings,1.0
himawari8bot,1.0
holidaybot4000,1.0
i_luv_recipes,1.0
iamaslowtrain,1.0
ilovethisbot,1.0
infinitedeserts,1.0
insectsbot,1.0
instruction_bot,1.0
intensificator,1.0
ip2location,1.0
kaffee_reminder,1.0
kaikkisanat,1.0
kramer_v_trump,1.0
lettergamebot,1.0
kiddieridesbk,1.0
licensemee,1.0
LikeBotLove,1.0
LovecraftMix,1.0
lilly_print_bot,1.0
LSystemBot,1.0
lovetheseas,1.0
lovebotcraft,1.0
legitvgcheats,1.0
lycanthrobot,1.0
manpagedujour,1.0
markovgilmore,1.0
MasksAndHats,1.0
mazeaday,1.0
menubot,1.0
mesmerinion,1.0
metalband_exe,1.0
metropologeny,1.0
minetweeter_,1.0
minimazesolver,1.0
moon_rise_bot,1.0
moonshotbot,1.0
nailpolishbot,1.0
NeonaziWallets,1.0
needsref,1.0
neuralgae,1.0
nhcbot,1.0
NYPLEmoji,1.0
nyt_diff,1.0
okbabynames,1.0
omg_movies,1.0
on_this_day_bot,1.0
osspbot,1.0
paintergoblin,1.0
PaintNames,1.0
paintnumbersbot,1.0
pata_amiga,1.0
particlemanbot,1.0
patchslitt,1.0
PermitBot,1.0
petitsmotifs,1.0
pico8bot,1.0
pleading_bot,1.0
pls_take_breaks,1.0
pomological,1.0
porcadapalabra,1.0
precure_screens,1.0
proverbsbot,1.0
randomeditation,1.0
ReyloConfused,1.0
realtimebus,1.0
oliviataters,1.0
selfportraitexe,1.0
sixworderbot,1.0
selfcare_bot,1.0
saysthekremlin,1.0
riverlevel_1867,1.0
space_stories,1.0
rfcdujour,1.0
someboxes,1.0
soamazingquote,1.0
spaceoverlord,1.0
spacetravelbot,1.0
TheRiddlerBot,1.0
personaIitea,1.0
sunrisebot,1.0
sunnyday4pm,1.0
subtitle_buoy,1.0
start_this_up,1.0
symmetric_curve,1.0
tamagotchi_img,1.0
techclothes,1.0
texasflags,1.0
theclivebot,1.0
thedoomclock,1.0
thehoroscopebot,1.0
thelockbot,1.0
thereisnoiin,1.0
ThesaurusGame,1.0
thetrumpwatcher,1.0
three_shape_bot,1.0
tinyisles,1.0
tiny_bus_stop,1.0
tiny_gardens,1.0
tiny_cityscapes,1.0
tiny_kepler,1.0
tiny_raindrops_,1.0
tiny_seas,1.0
tiny_star_field,1.0
tinyknotwork,1.0
tinypoemgen,1.0
tinyskylines,1.0
trafficgifs,1.0
trendbot,1.0
tweetgameoflife,1.0
twoemojicons,1.0
unchartedatlas,1.0
unicode_garden,1.0
usinjuries,1.0
vexilloherald,1.0
vroom_vroom_bot,1.0
wait4swear,1.0
wayback_exe,1.0
wdywam,1.0
whatshouldiknit,1.0
WhyBeBot,1.0
wordfindatron,1.0
ablankblank,1.0
__birds__,1.0
_blackobs,1.0
_ku_bot,1.0
_numberstation,1.0
_sys_bot_,1.0
___graveyard,1.0
AwfulEmoji,1.0
AuspiciousItems,1.0
BaanaCounter,1.0
BackToWorkBot,1.0
BennyNumbers,1.0
BiffySays,1.0
BikeDTLABot,1.0
thetinygallery,1.0
one_small_bot,1.0
ItIsYourData,1.0
BMovieGenerator,1.0
emoji__polls,1.0
buoypix,1.0
JeuDuDicoBot,1.0
thetinySAURS,1.0
poem_exe,1.0
tiny_forests,1.0
NixieBot,1.0
wildflowersbot,1.0
xenolexica,1.0
wrongquotebot,1.0
ProcPlanets,1.0
PotterPapers,1.0
ObliqueBot,1.0
ObamaLivesOn,1.0
11_11_bot,1.0
5adaybot,1.0
darndesttruisms,1.0
0Claudia9,1.0
1D02685599,1.0
1D97435172,1.0
1DDirec47313447,1.0
1DSTATSVOTESL,1.0
1DVoting28,1.0
voteforlegends5,1.0
1IlMigliore,1.0
1dVotate,1.0
1d_choice,1.0
blankxstyles,1.0
1dvote____,1.0
1dvotedfan,1.0
1dvoteeplss,1.0
4NG3L0NF1R3,1.0
56_nico,1.0
5boys1D2,1.0
76lauraLaura,1.0
78Aya80,1.0
949905e897cf45a,1.0
ACCOUNTPERVOTI,1.0
AleStylinson_,1.0
AlleHanna,1.0
AlwaysGio__,1.0
AngelaMascara,1.0
AngiSvezia,1.0
Anna2340531163,1.0
AnnaMinervini1,1.0
Anr_s92,1.0
ArmataScanu,1.0
Armonja,1.0
AutunnoSi,1.0
Babi47671391,1.0
Barby21217171,1.0
BigiPiero,1.0
Bobetta3,1.0
BooandHazz1,1.0
BrunaVerutti,1.0
CRPFRASCATI,1.0
Cappellaio87,1.0
Caranoemitw,1.0
CarlaChianese,1.0
Cassandra6624,1.0
Cat2014_Believe,1.0
CatholicTweet1,1.0
Celica_FE,1.0
Chourou04946447,1.0
CinziaMolinari,1.0
Claudia62VS,1.0
Cri1DBenjieFede,1.0
DeiElena,1.0
DeiaDerosas,1.0
Derire2,1.0
DianaMu82095574,1.0
Diletta123,1.0
DonatellaTosati,1.0
Dudda_Novizia,1.0
EMZONERI,1.0
Ele_1DMD,1.0
ElenaLvdzdv,1.0
Cho_cola_t,1.0
Elly15vs,1.0
EmiliaVS1,1.0
Emy40850356,1.0
EmyScanu,1.0
FEHTakumi,1.0
Fiffistefy,1.0
FiloRosso2,1.0
FiorinoKetty,1.0
Foool1d,1.0
FraLu64,1.0
FrancescaDivs,1.0
shawcesca,1.0
Funghetti4,1.0
GABRIELLAMARA2,1.0
GInterrato,1.0
GPettella,1.0
GSpasmo,1.0
GabriGabri_ts,1.0
GabriPobega,1.0
Gabri_Razzoli,1.0
GialloAmetista,1.0
Gianniontheroad,1.0
GiorgiaAziz1d,1.0
Giovannablu,1.0
Girasole572,1.0
GiulianaPoce,1.0
GiuliettaSkype,1.0
GiuseppinaFarin,1.0
GiusiRiccobono,1.0
Harry23533247,1.0
Holaa63146637,1.0
ILgrandeRIO,1.0
louharrydrew,1.0
IamKatPetrova,1.0
vivitanie,1.0
Il_Pannocchia1,1.0
IlaryBlacks,1.0
Ilmeglioretweet,1.0
ImparatoPasqual,1.0
IndieGameTrends,1.0
Joker12953,1.0
JustinevMara,1.0
Laura_Ganna,1.0
Lisa96_Vs,1.0
LiviMonica,1.0
Loretta26212914,1.0
LorettaLORI3,1.0
LuanaPirri,1.0
LuisaRoma4,1.0
LupoLupo14,1.0
MARIACARMINATI1,1.0
MStruttura,1.0
MagiMudu,1.0
MarcellaGiVi,1.0
MarcoMameli2,1.0
MariaCamillagl,1.0
MariaHelena_ts,1.0
MariaNicola2,1.0
MartaGobatto,1.0
MartiAndNiall1,1.0
Martinalucconi1,1.0
Mary_Jack69,1.0
MatteoArnabold1,1.0
MaxRossi2015,1.0
Melindamarte,1.0
MenteObliqua,1.0
MichyannaSalvo,1.0
MissAmnesia23,1.0
Mithra_01,1.0
MomiraMonika,1.0
MonicaDieci,1.0
MuduPina,1.0
Ne_Ilaria,1.0
cliffordvshor_,1.0
NonnaMario,1.0
NovellaPiazzi,1.0
Odiotuttigioia,1.0
55dogos,1.0
PaolaBozzetto,1.0
PaolorokOri,1.0
Patrizia22851,1.0
Pattynavmeli9,1.0
Pesce98Vittoria,1.0
PromotingLouisT,1.0
RavazzaniGuido,1.0
RedsRita,1.0
RipassoRt,1.0
RitaGiasone,1.0
RitaRossi6,1.0
Robin_Hood2223,1.0
Rosafio40018873,1.0
Rosamar70892339,1.0
RubinoDue,1.0
jiminieikigai,1.0
Sardalice2014,1.0
SavianaVS,1.0
Seilamiacanzone,1.0
SolaMente_te,1.0
SoniaPoletti1,1.0
Stella_Perlina,1.0
Stellacdolce,1.0
SuperPannocchia,1.0
FlNELINEHARRY,1.0
TangaloaLazia,1.0
BadGuyEilish_,1.0
TestyMcT3stface,1.0
TheVoiceIsVS,1.0
TheVoiceVS,1.0
Tina64884808,1.0
TinoVale23,1.0
Tremendamenteme,1.0
VOTE1D35666206,1.0
VOTE1D95275281,1.0
Vale_CaraVs,1.0
Valenti38361807,1.0
VeronicaFilia,1.0
Vincenz72741158,1.0
Viola_rossa3,1.0
ZaffiroBlu3,1.0
ZiaGuerriera,1.0
ZiaPerla,1.0
_CamillaFio,1.0
__Spiderlily__,1.0
___andremauro__,1.0
__jemenfous__,1.0
_Vylmax,1.0
_harrysmjle_,1.0
a7042237ab0f466,1.0
allina1712,1.0
allylardo,1.0
andrea_sorato,1.0
angelstrange200,1.0
annamariams75,1.0
annarosa701,1.0
anomis_anomis70,1.0
antonellautopia,1.0
ariacolorata2,1.0
aurorapani,1.0
babymalik_lh,1.0
barbaruccia2,1.0
beauty0fsilence,1.0
benjifede_love,1.0
blu3n1ghtw0lf,1.0
chicchiola,1.0
ciarly7498,1.0
cinziagenziana,1.0
circeanna,1.0
citro_rosa,1.0
claspa62,1.0
claudiamamy,1.0
claudyfulco,1.0
coupongenie,1.0
dani89vs,1.0
danysca22,1.0
darkangel78,1.0
dora_momi,1.0
dorigoalessia1,1.0
elena2613,1.0
eligigarda,1.0
eliptz66,1.0
elisabettadelog,1.0
elisabettaragg1,1.0
emanuela635,1.0
emiliasal46,1.0
emmemea,1.0
enzarella2,1.0
epicfaildrone,1.0
fabrossoni4,1.0
federicoinfa,1.0
fefinus,1.0
filippotrav,1.0
flaviabettini,1.0
francorosaria13,1.0
gbrugnoli70,1.0
gemmaantonello,1.0
geomagalunare,1.0
gessica_bravi,1.0
ggarigli,1.0
giannalecca1,1.0
giorgiocupelli,1.0
giunta2016,1.0
jmejmg,1.0
iitsclarry,1.0
ilbolly,1.0
improta71,1.0
io_principe,1.0
isolafelice21,1.0
itsfakefaccv,1.0
ladyna14,1.0
launizzo,1.0
lindascanona,1.0
lisettaliz,1.0
lontano2009,1.0
lorellacan,1.0
lorettalo22,1.0
lorettarag,1.0
loririlolo,1.0
lory_rubin,1.0
luciolavezza,1.0
lucy011307,1.0
lucynothalee,1.0
magitotano,1.0
mammaraffy,1.0
manola_piredda,1.0
marcolinoneri,1.0
margotcheri,1.0
maricos7,1.0
marinellazanine,1.0
mielosa69,1.0
migliavs,1.0
mimi_t123,1.0
mimmapolpo,1.0
mirandamossi,1.0
mirtillamarino,1.0
morgabar,1.0
nichilu,1.0
novellapiazzi1,1.0
pannocchietto2,1.0
paopia64,1.0
patri_well,1.0
pattavis,1.0
pazzepericlario,1.0
piermario_odd,1.0
pinella69,1.0
pippo0302,1.0
pirasemy,1.0
pittore1960,1.0
polveredistell7,1.0
preto_carla,1.0
raffa_brigante,1.0
ranzoniana1,1.0
righettifrance1,1.0
roboadvisoryw,1.0
romeo1571,1.0
rosa6644,1.0
rosafiore13,1.0
roxiscar,1.0
simona83imperia,1.0
since2010lovs,1.0
sonia_ariu,1.0
sonoacido1,1.0
sorciusbarbutus,1.0
sorriso_blu,1.0
stellacadente60,1.0
tizianafu,1.0
topaccia,1.0
torrianas,1.0
ulitop,1.0
unidosxdali,1.0
vale20152,1.0
valedisco,1.0
valentinamoscon,1.0
vasivas3,1.0
wasitjustalie,1.0
zia_eli,1.0
MelroseMAGOP,1.0
MiddletonMAGOP,1.0
DouglasMAGOP,1.0
NAndoverMAGOP,1.0
SherbornMAGOP,1.0
MedfieldMAGOP,1.0
HansonMAGOP,1.0
HinghamMAGOP,1.0
NorthboroMAGOP,1.0
BerkleyMAGOP,1.0
MiddlefldMAGOP,1.0
NorwellMAGOP,1.0
HyannisMAGOP,1.0
Emma9425,1.0
Joliot1,1.0
dankspankey,1.0
annandjo1,1.0
KissNra12,1.0
kimjacobs28,1.0
JFeldle,1.0
rCtSBt8hOzUny5Q,1.0
MVakkuu,1.0
in_dent,1.0
Bit____,1.0
nemorexxx,1.0
vini_do_11,1.0
dvargad1,1.0
vinci32096,1.0
12238453,1.0
XRamire,1.0
fatimaza13,1.0
ankoummai,1.0
ACUSHIST,1.0
leenardo4,1.0
rephotographyYT,1.0
khrisrafsilaba1,1.0
Oscar_23184060,1.0
d8QVVbRkpwHBeSh,1.0
AlexisV93054233,1.0
thegroomsbride,1.0
steffithebro,1.0
Lin594555247,1.0
weilinwen,1.0
dmsqldkssyd,1.0
520520lulu,1.0
ehdvo,1.0
CasualStacey,1.0
WojasKas,1.0
Longeeeeeer,1.0
DanielPeraltaM,1.0
puspa_wardhani,1.0
arghhhhh12,1.0
hjain1998,1.0
Dominic86565591,1.0
shibatakeru,1.0
Hartmanrique,1.0
Ryan__Cross,1.0
vinirubertiloco,1.0
bizzle003,1.0
pluto_zhou,1.0
connelly_elaine,1.0
2Hhn8,1.0
285609726,1.0
louiloudlowa,1.0
DelaCruzWS,1.0
Loser_Qiang,1.0
lucymerlin1,1.0
atadeu7,1.0
ytaloyuri,1.0
totolivesal,1.0
QiGOYiQJ1qwbF7l,1.0
Uzfirst,1.0
asecondtoosoon,1.0
imi81imi81,1.0
Sasetaurrena,1.0
nathkiller49,1.0
tonymarseno,1.0
kbogyo,1.0
IITodd,1.0
abedfun,1.0
Scorpion61,1.0
gujiayue,1.0
ha9700,1.0
vimsefimsen,1.0
francescavallin,1.0
GerLegacy,1.0
SaraHol01404072,1.0
Nunuh78,1.0
zhuyunyuxie,1.0
thato_mkhebuthi,1.0
BakshiGill,1.0
anilbhadane1,1.0
xXxDamii3nxXx,1.0
Tigre_Rouge68,1.0
devin_the_great,1.0
akiae12,1.0
EmilAndr,1.0
apriltaylor59,1.0
crivespa,1.0
Luckyss77,1.0
michalehanguang,1.0
xlPowerS2,1.0
Valentina51083,1.0
NinaBirth,1.0
Cocobidin,1.0
marco0441,1.0
a603nk_dp,1.0
AlinaLje,1.0
stoneluv_ph,1.0
zepiovezam,1.0
s9pamacs,1.0
Berfinx3,1.0
acteuressamay,1.0
aksmf322,1.0
PONOCNIJAHAC24,1.0
Life2High,1.0
kurtpan19,1.0
1511697665,1.0
athirson8,1.0
miranda_sai,1.0
folkamike,1.0
FlynnEflynn902,1.0
cuishaozhuang,1.0
LucaEliaTattoo,1.0
linjinweilucky,1.0
mariadiri147,1.0
magoleste,1.0
sofiesellen,1.0
Velocittss,1.0
AlqinArsen,1.0
mattdog_12,1.0
negromalo88,1.0
zusuki1987,1.0
Fuckmyjobsuckit,1.0
zakso_fonista,1.0
sevpai18,1.0
Kookylee1247,1.0
PresleyHartell,1.0
ChaadJinakad,1.0
Ironneili,1.0
RiaTriantafil,1.0
AminatMomoh1,1.0
EdsonLinares1,1.0
NoshRush,1.0
Hoxir_,1.0
CuxKicker,1.0
DedyTang,1.0
revel20192,1.0
heyimjennu,1.0
van_pattivb,1.0
leegsgs,1.0
hd_tonari,1.0
aminechraibi02,1.0
dbernardini70,1.0
eeepadmaster,1.0
MahoraSpiring,1.0
branden_rumball,1.0
lshxlshx,1.0
RicardaKoren,1.0
claryviolaander,1.0
inangel_,1.0
Atikaniedzz,1.0
Changmaryin,1.0
Bigal_Hall,1.0
KisNikolett2,1.0
LuweiLoo,1.0
dario_nard,1.0
LorraineThelian,1.0
mpctw2000,1.0
Show17896837,1.0
deftnt_zz,1.0
Thalaforever10,1.0
DaJessyca08,1.0
cxz281738323,1.0
Linc33603333,1.0
KorayOezyurt,1.0
joanna_matusiak,1.0
VINCEREYES777,1.0
maxisrich,1.0
marony0607,1.0
fdgbvdfg,1.0
emmasoltim,1.0
AnhDangSSS,1.0
mathieu87232815,1.0
alansjp2,1.0
arslan_hidayat,1.0
Abbie21Rose,1.0
Junior15640582,1.0
LuinettiG,1.0
mohamed_sad2,1.0
giobo58,1.0
shadow8death,1.0
Face26Hugo,1.0
sanchez_paddy,1.0
szzoli98,1.0
naedine__,1.0
JoyfulMouvement,1.0
PapetJm,1.0
AgentSmith47,1.0
patxifot,1.0
FanClubSGBR,1.0
bilalmanwar,1.0
CHevio_Letrry,1.0
meryangel2010,1.0
lim_nickylim10,1.0
779a455555f1482,1.0
AndreasNoto,1.0
MalaniVipul,1.0
Etasico,1.0
Judit_Radics,1.0
tastygh,1.0
jakehmc1,1.0
leandro_lizard,1.0
skaalrud82,1.0
CPkozdi,1.0
SimleSports,1.0
mastertushar12,1.0
yangyinguang,1.0
xhygood,1.0
MyNewblogs,1.0
tomek147147,1.0
eudy0107,1.0
adrianne_wif,1.0
Luckys666,1.0
super111long,1.0
RobsonGabriels,1.0
rajmahesh922,1.0
MARCELOCHAIB,1.0
weaklifter,1.0
JhouCs,1.0
whdntmd8381,1.0
huangchenxi,1.0
YeoYaoYong,1.0
feehTenac,1.0
ghasd50411,1.0
TiesiogDovydas,1.0
yoonhyosoon,1.0
jinhua369,1.0
lena_sohma,1.0
tarescar,1.0
Carinechen88,1.0
nataliegalpern,1.0
_xJulsx_,1.0
badang2,1.0
Chiah_Er,1.0
lebanga,1.0
270361204,1.0
lisa_bonici716,1.0
MMMMMMMonster33,1.0
Dorapandacore,1.0
NoOneIsAnybody,1.0
amwalk80,1.0
trisnamariana,1.0
Clutch_Dragz,1.0
LorenzoEda,1.0
nhlanhlanhleke2,1.0
_9580576005502,1.0
GustavoTuller97,1.0
guiadamusculaca,1.0
siong37390971,1.0
ebpabasara,1.0
raden_bhajol,1.0
qq_793579258,1.0
danmo1985,1.0
lucasez61,1.0
rodrigoreisgon2,1.0
Mystical_Cha,1.0
dhqnwo,1.0
Margarine_Tub,1.0
TehRuan,1.0
toudian1,1.0
L_biglu,1.0
liliariana2,1.0
bebeisa68,1.0
iorlaith,1.0
KackaronLP,1.0
emma51lowe,1.0
Cbpap1024,1.0
gummygirl789,1.0
BostonGarden2,1.0
clattc_official,1.0
DayaneRamos13,1.0
brovy,1.0
Jair10_sanchez,1.0
ella_looli,1.0
Shirtikvahed,1.0
dynk02,1.0
Mihail_HD,1.0
FRANCESCAPRE,1.0
odethsosa,1.0
mrhonest00,1.0
moricz_mark,1.0
Kamipo46,1.0
SG_Ziiroxx,1.0
fab_oo,1.0
GimmelliChrista,1.0
manoharalle,1.0
sscardcrm,1.0
LorenzoZazu04,1.0
ABenfraihaRue,1.0
atl821,1.0
ktof27,1.0
TaZeRDK,1.0
VIKTORSAMSURI,1.0
CovXPS3YIgGByjz,1.0
navyseal546,1.0
GloriaTLi,1.0
Faimuenwai,1.0
LulzYeah,1.0
1017148043,1.0
Bgunman23,1.0
Blank_Face_,1.0
wardensnyder,1.0
Rolexy7,1.0
szulc2,1.0
Abishop992002,1.0
Michel_DHA,1.0
jheerND,1.0
Its_Kelly_bae,1.0
luchofergar,1.0
JuTwo,1.0
luc0304,1.0
dkt48,1.0
yuanzi364139222,1.0
sebulia1,1.0
TheThomasFitch,1.0
VictorPitbox,1.0
missvesb,1.0
metallicbonds,1.0
thehitsuzen,1.0
serzh_vishnu,1.0
5ffret,1.0
nataliya_011,1.0
abloggs,1.0
d_cope_,1.0
Binduewu,1.0
GusGosselin,1.0
sara15112001,1.0
juhi214,1.0
BigJustinsFan,1.0
zengxin9,1.0
Lexan87,1.0
SciarraSam,1.0
VContelles,1.0
Jen60Delahaye,1.0
JaysonTMusic,1.0
PIPPO99399085,1.0
str8midwest,1.0
osjlove777,1.0
Antonios291987,1.0
salinda377,1.0
Duel_Assessment,1.0
YanYxh,1.0
fatboyvdub,1.0
mrpepi2011,1.0
hspine68,1.0
yulong0729,1.0
pikapikasdf,1.0
StylingIconz,1.0
brianamackelmor,1.0
qinpengfootball,1.0
TISEYKAREN,1.0
Binche1999,1.0
AliceBoucher23,1.0
ivan7410,1.0
subzero33167942,1.0
dalton_kaye,1.0
Nabryson1,1.0
CoC_Gamers,1.0
lsmulond,1.0
Chetsadawutjanj,1.0
marc_gabriel2,1.0
vianyta312,1.0
walterrolim,1.0
poota080,1.0
choho51,1.0
superman_qujie,1.0
sndzajuria,1.0
WARtracknfield,1.0
recepde03036136,1.0
tongkejin,1.0
eydjdjdd,1.0
icezaya0833,1.0
Al0743,1.0
onagang,1.0
AdraPara1,1.0
YukinaYukio,1.0
cj4427,1.0
random58595,1.0
brandonbrre,1.0
chrissean72,1.0
waterlily427,1.0
LeonieSchmidt3,1.0
BItleS_Skate,1.0
iegoist77,1.0
Moncsikahh,1.0
BiTinaAozhang,1.0
iRainPvP,1.0
La_Gordis78,1.0
mayurnashine4,1.0
zachch0301,1.0
Kptn_Gude,1.0
Balu333101,1.0
liebow92,1.0
kimbh98,1.0
Preetaus22,1.0
LAnanasi,1.0
gxy0701,1.0
keyeo1,1.0
tengpeng99,1.0
raya2554,1.0
VFL_NotActive,1.0
WVUBagelCrust,1.0
candysteph1,1.0
OnurcanFener,1.0
heather_todd1,1.0
Duffiks,1.0
U_ChihaSasuke,1.0
DrewKristen4UNI,1.0
SuinDong,1.0
suntao2yl,1.0
gogoggyy2000,1.0
por_kotchaphan,1.0
shreeyanto,1.0
vitor_flamengo1,1.0
DougHinder,1.0
Zylon_,1.0
845T10N,1.0
khaira_marie,1.0
DarrenBrick1,1.0
sayedmustafa13,1.0
Fairy_Orttmann,1.0
jdogg0420981,1.0
raemchst,1.0
jamalc514,1.0
diego_reato,1.0
stevenprobert2,1.0
Tuxedoegg,1.0
Fuzo21,1.0
Rainboww40,1.0
didudafeiji,1.0
MikeInc84,1.0
BenJammin027,1.0
marianna_suto,1.0
julison8,1.0
OneQuiCKCliCK,1.0
chaudryhassi161,1.0
floramysjy,1.0
emilie83340,1.0
Homerscl,1.0
Heldeng,1.0
Dyesekai,1.0
kp025811795,1.0
AmirDir,1.0
officialritzio,1.0
mtinoco112,1.0
MRKrytyKPL,1.0
MatasSweet,1.0
wilmerlga,1.0
huyin324,1.0
MChmielinska,1.0
darcy_steer,1.0
dschwa11,1.0
Modtanoyemopm,1.0
aunryjacny,1.0
Humphreys_Photo,1.0
specialist_min,1.0
Gilgmeshlon,1.0
drrajashekar170,1.0
271014738,1.0
KenGames2,1.0
mchilds182,1.0
Cseun,1.0
GilLibrary,1.0
challeyfornia,1.0
Soph_18,1.0
hoan1517,1.0
Eilish_04,1.0
PlayOnStudios,1.0
bigztor,1.0
RevenantRock,1.0
NesmaAlg,1.0
winchy33,1.0
VMaryneV,1.0
FlyDragus,1.0
mozaroma95,1.0
nya_camui,1.0
Vito56Joo,1.0
KGuinap,1.0
Monchiitoow,1.0
jaisinghani7,1.0
trakcuf,1.0
chipana211,1.0
furioballi,1.0
fabdulaz,1.0
saleemenglish,1.0
xXTuner123,1.0
Fatalis_G,1.0
inferno4fun,1.0
se7enlwq,1.0
Ippimusic,1.0
HarrisBlh101599,1.0
mariofichte,1.0
restileflat,1.0
Agarus70,1.0
tsang_lam,1.0
lskhaha,1.0
437128389,1.0
chenfanchih,1.0
larastkayrina,1.0
xxxiceSR,1.0
whoami1106,1.0
BobzhaoBob,1.0
wdkkk_,1.0
Nagy_Eszti,1.0
Yao_Haruna,1.0
Jeff_Wong1994,1.0
0728qq,1.0
love13sea,1.0
tylertlhds,1.0
vkfkekdltm64,1.0
2060Saif,1.0
skip1314,1.0
dldythd76,1.0
Bigboy_Rose,1.0
steffichen87,1.0
yellowAGENDA,1.0
dwiyananta,1.0
ywcho18,1.0
jermwrx,1.0
HaraldHaarfag,1.0
pega_ss,1.0
kingjapan,1.0
ngonhamo3,1.0
ricardomoses4,1.0
TheEnd187,1.0
iwanginaassyab1,1.0
gisafat,1.0
dfelix,1.0
BeratzDennis,1.0
clasen20,1.0
cobra0621011,1.0
The_GamersUnion,1.0
bigmak2118,1.0
DwayneD3658,1.0
charliebarth3,1.0
Akhiles92702103,1.0
ravensxlvii52,1.0
Alefvaluard,1.0
Dextuhney,1.0
MTobiaski,1.0
xdoutrocks,1.0
ucu_threeyono,1.0
lwowlcong,1.0
adrianiancu35,1.0
0_0barry0_0,1.0
ole_hunter,1.0
cocludedtale,1.0
VictorMiyabara1,1.0
Zetabreak,1.0
drahcir_rahl,1.0
FilmLie,1.0
Tjacobson8,1.0
Drimian1,1.0
ChanMnkjl,1.0
NAINAI930925,1.0
1532652341,1.0
konfetka_2,1.0
JoshuaGAsquith,1.0
McDull1205,1.0
jhj4775,1.0
corrie881,1.0
steven11471,1.0
DerekChinLi,1.0
Dzevooo,1.0
hitahaiya,1.0
hungchieh8,1.0
semsemich1,1.0
DanielRoman20,1.0
chrislane883,1.0
NaxitoSebaa,1.0
epoi90000000,1.0
Frankli61272627,1.0
anushthani,1.0
sansarlat2,1.0
RedBob123,1.0
zeroware0,1.0
Zaynmal36024791,1.0
scorpion_309,1.0
FixItFursuits,1.0
stronger2552,1.0
Chiara59899,1.0
InperJoao,1.0
arthasssssssss,1.0
MaccariMirko,1.0
ClelauCle,1.0
ErayEskky,1.0
alexian20,1.0
habboserver1,1.0
Claudio_Arca83,1.0
Monty1010Jack,1.0
KumpolWilaiporn,1.0
abraham_osorio,1.0
Senatorcocoat,1.0
boicey82,1.0
SNKTAPES,1.0
Nikki_Qi_,1.0
NickosFR,1.0
mclukinhas4144,1.0
Mouge40,1.0
Tinifi81,1.0
DrakeNicole,1.0
OHLLRN,1.0
yearfunny,1.0
agoraeoGeh,1.0
forsythe_pat,1.0
BZabawa2,1.0
alohatomenow,1.0
oliveruk12,1.0
alexitodp,1.0
Lavric04,1.0
EmilyMulherin,1.0
summerhee128,1.0
dalsin_,1.0
vitordarboux,1.0
Maggie_Chu1121,1.0
msnika07,1.0
AmkasHeld,1.0
cpringdance,1.0
yumeimei44,1.0
Giovanna_Santos,1.0
kaykay6561,1.0
rocco32bit,1.0
serg30003,1.0
djdinkyd10,1.0
Gladius1963,1.0
Sneakerboy20,1.0
christmercivil,1.0
__Boyler__,1.0
ru_yusuf,1.0
Gessicagnanitvb,1.0
gscatmessy,1.0
DiseurDeVerit,1.0
OmarDaCosta,1.0
mianbilalrasool,1.0
shaukatiqbal68,1.0
lekfd,1.0
dukeyc,1.0
inRecruitJobs,1.0
2TEN90Brewing,1.0
ytakumnee,1.0
Aich1974,1.0
lyne815,1.0
JIDALSSASSON,1.0
equalizerfxapp,1.0
d_ancing,1.0
AfrazFawad,1.0
YasserDendo2001,1.0
mugiwarafikcha,1.0
nada_751,1.0
dhp58,1.0
jsh0226,1.0
IHeartRobbieB,1.0
soflopl,1.0
lockonlz,1.0
ItsSTLGaming,1.0
aesiamabeth,1.0
ddaquanesed9,1.0
Dedezinhacosta,1.0
Pavankumarpalem,1.0
nontll,1.0
im2sexy4this,1.0
zefferita1,1.0
saadbuf,1.0
youngnoble,1.0
MrFreshfood,1.0
ShirtShackInc,1.0
ImFadoua,1.0
JacobLiveYT,1.0
Elis27C,1.0
MonstaHead,1.0
Antonysamy100,1.0
KardinlZ,1.0
BenhamouJ,1.0
VeganBatch,1.0
ouzhouhupq,1.0
andyhoddle,1.0
machine_1979,1.0
RandomCynthia,1.0
ririlami,1.0
TheRadioholics,1.0
dbthom03,1.0
PLoyWHAN3,1.0
katatzyna,1.0
OnklStief,1.0
buyopuyo,1.0
z_bloss,1.0
WYZzhu,1.0
pedescoll98,1.0
bokyoonse,1.0
AlexanderVitusS,1.0
Dreamer9606,1.0
salmanhafeez86,1.0
Bryan3Maldonado,1.0
Nancypedia,1.0
l3alley,1.0
skyrator,1.0
AleksShishkov,1.0
KifO4o5,1.0
raulmarfer,1.0
aryaph,1.0
estehelen,1.0
chacebzhang,1.0
KakhaCheko,1.0
MarcS58908667,1.0
ahmetcik0694,1.0
x3Vodka,1.0
Kirolove11,1.0
JohnBran16,1.0
VBartholdy,1.0
Dynal_M,1.0
ffreirito,1.0
joaomarcoslopp,1.0
mmcalvo,1.0
nickjune1968,1.0
BrennanKnudsen,1.0
thejeje7,1.0
Jacquel67912947,1.0
AsgharTaimoor,1.0
asatama5,1.0
LAICHU4,1.0
Amoritia,1.0
ehdrbsrudejr,1.0
rointy,1.0
ilovetoclog,1.0
naren55741144,1.0
HabbolanAcc,1.0
MariellaChiara,1.0
antonysaoko,1.0
_vaccines_,1.0
C0BRA_5,1.0
e_dzns,1.0
zMaiyan,1.0
KydroOfficial,1.0
_CamThaGreat_,1.0
YaBoiNave,1.0
LudicrousLupin,1.0
jakeyeverson,1.0
Zivoni_,1.0
Timeclore,1.0
Abhijay_thute47,1.0
Spicesnight,1.0
NIGINextTuber,1.0
ThrustfulMite,1.0
Freckllezz,1.0
CynagaYT,1.0
VarronPlayz,1.0
VictorWinyu,1.0
joseph88wu1108,1.0
ellan704,1.0
Alexnumelin,1.0
boochikim,1.0
RoshanKalyan,1.0
reno9898,1.0
Wild_Vlees,1.0
GkLakon,1.0
AndVivienne,1.0
KaReYLuVsLeeLa,1.0
CheesyYummy,1.0
FlorClarinha,1.0
swankytrini22,1.0
Daisyluooo,1.0
FanaegoK,1.0
suah914,1.0
Antonio60241394,1.0
Finnermarker,1.0
dakvv,1.0
piminlove,1.0
KenTS1988,1.0
vajjyaj,1.0
IaM_Playful,1.0
lunetta_gueldry,1.0
ashkanashkyalag,1.0
kimpeno,1.0
JesseSoSerious,1.0
yu__qi,1.0
casmincas,1.0
Johnquigley24,1.0
Sniperschatten,1.0
anelio12,1.0
MakeBurak,1.0
Revel2019,1.0
ThriftedStudio,1.0
kellyfleck1,1.0
lilly2768,1.0
Littleww,1.0
TrevorRisdon,1.0
JianJackie,1.0
muammertatekin1,1.0
lilkome,1.0
anthonut415,1.0
egha_megatyas,1.0
dolceflirt1,1.0
Lanna4444,1.0
alessandrovend4,1.0
csutika007,1.0
TheRushedAce,1.0
byvnbee,1.0
Haroldjardeleza,1.0
FootprintsAcc,1.0
BCAthletics,1.0
Cellphonez,1.0
ramaninsan6222,1.0
honkeungmak,1.0
icebear013,1.0
WeddingsbyNieda,1.0
chik___79,1.0
SherlynPearl,1.0
JorgeJalo1,1.0
platinumbd,1.0
wujagezugege,1.0
trev_perrottiii,1.0
studentloanlaw,1.0
websmithinc,1.0
Ryerson_SLS,1.0
nico_ikenofox,1.0
BurComConsults,1.0
l4christ,1.0
getpaidonlights,1.0
ukbettips,1.0
REITReport,1.0
yorganic,1.0
YouniqueDivas,1.0
FocusSalon1,1.0
Greenhousehotel,1.0
ban262003,1.0
yhonachristy,1.0
Julia_Byrnee,1.0
dromemenswear,1.0
SyncProperty,1.0
FasPlaces,1.0
mikeyvoteacc,1.0
_essty,1.0
AitkenPatriot,1.0
Rhalkhalid,1.0
Gretsnig,1.0
spitfiresparkle,1.0
jasyuen,1.0
cassandradenis6,1.0
bozemanskid,1.0
orangeandbronze,1.0
vouch365,1.0
Fabio11539587,1.0
STTravis,1.0
tinaspencer153,1.0
ReedRudyTalent,1.0
SusanXiong2,1.0
ACCA_PK,1.0
ladyfrost79,1.0
CoolRandomStuff,1.0
p0lylici0us,1.0
TheIvyBookshop,1.0
SaletteUSAtv,1.0
BrooklynParkMLS,1.0
taliamrosenberg,1.0
WGB1206,1.0
Millffie_bot,1.0
ishoppinggroup,1.0
wesokucu1,1.0
gumilargugum7,1.0
nhordz_310,1.0
USTAYNHEALTHY,1.0
cafemangii,1.0
YourAirExperts,1.0
Fireart_studio,1.0
Dream_World11,1.0
BooogieWoogieB,1.0
jaywill68,1.0
Akshsoccerfreak,1.0
GMTaikucing1,1.0
Otis_Goetz05,1.0
dawnrjensen,1.0
StillWalks,1.0
healtycookinfit,1.0
GStevenBarnett,1.0
GP_Today,1.0
RobertoJFontana,1.0
NeonNuka,1.0
burndiv,1.0
laneandkentnews,1.0
CuntsCorner,1.0
pooltown1,1.0
CaimCarmen,1.0
citymb,1.0
pickle517,1.0
SmekendeStudent,1.0
ManCity1894Indo,1.0
TZB86,1.0
CreditExperts,1.0
salessuccessTV,1.0
fenaninawazy,1.0
SMinamigawa,1.0
muhajir_faraz,1.0
HostelVegan,1.0
Broken_Paws_Int,1.0
princexmen1,1.0
EsaNanda_VR46,1.0
jmabasa65,1.0
PDiamantis,1.0
TeleGoodLife,1.0
Abbyfatah,1.0
SassyGurl571,1.0
chibuezenwali92,1.0
thatsickson,1.0
JewishTennis,1.0
DollarMusic35,1.0
lourdesxoxx,1.0
ServproNewtown,1.0
GoelAruna,1.0
Santtosssu,1.0
GMA7Yasmien,1.0
DavisRd519,1.0
JobsMississippi,1.0
Alex16666875,1.0
kittybigbear,1.0
ExperienSelling,1.0
KoolDArzan,1.0
SBCKansasCity,1.0
_MajorMassSpec,1.0
Moneyclassic,1.0
santosh_kamboj,1.0
paleographyeco4,1.0
Jaime_A_Sommers,1.0
shadowjeer,1.0
SinSin030696,1.0
CHS1226ACHI,1.0
msubtweeter,1.0
aHnaeMoriParfum,1.0
annewww17,1.0
BaribaultJewelr,1.0
mcc8409_dianne,1.0
AskMenUK,1.0
sunflowersdrew,1.0
lptsNOW,1.0
SilverbergOptic,1.0
welovelb,1.0
RVExti,1.0
GPLConway,1.0
TechBagarai,1.0
seventeenjam,1.0
DylanChambers_,1.0
PeterBMair,1.0
_ThefryingPan,1.0
AreaRott,1.0
MRunea,1.0
CarmaBooks,1.0
etuma360,1.0
Malikzaara1,1.0
interfluidibot,1.0
l_motta,1.0
ARMYMOM389,1.0
SelenaGCrew,1.0
AngelinaLibbi,1.0
stevecstian,1.0
foraceir1976,1.0
TXCR,1.0
ZEZONBLUE,1.0
0utdoorshopping,1.0
ritapohlman,1.0
niallswife_23,1.0
ourEnsemble,1.0
bdrya21,1.0
talkatshop,1.0
looolla12,1.0
michaelsgrays,1.0
xiwocyremasi,1.0
kornmoritz1,1.0
MoScarlet,1.0
xtreme_ninja,1.0
CatherineDCover,1.0
HomeHealthIL,1.0
HensonBrand,1.0
natures_table,1.0
STRAUSH0USE,1.0
HiBye51913015,1.0
anne0867,1.0
hkjl111,1.0
holyhead6thform,1.0
WoerdenN,1.0
HijoeLigia,1.0
Rokunas,1.0
RowChampion,1.0
palsomu9,1.0
dlastory,1.0
iamshivam32,1.0
teamstronggroup,1.0
Hawkschef13,1.0
SazryZahary,1.0
nakamagorosei,1.0
BrendanOConnel,1.0
ScotiabankVI,1.0
DJ_Leivas,1.0
nussdos,1.0
A1golfshop,1.0
jennife94353146,1.0
LG5Queen,1.0
iamPeacemark,1.0
ButDidYouKnow,1.0
Solartactical,1.0
VisageMail,1.0
RavitaInsan1992,1.0
se20magazine,1.0
mobilebaytradin,1.0
MaxReddick,1.0
chrismeenach,1.0
mvw2015,1.0
bahairtwtr,1.0
handelville,1.0
StarbriteDiego,1.0
JonahBokaer,1.0
AegisPrimeGamin,1.0
airblueairline,1.0
BetsysBaubles1,1.0
jeanneadrian,1.0
AdockoTaxy,1.0
SouthbayRental,1.0
RISEwithSOL,1.0
ponydarling,1.0
Tier3Marketing,1.0
RomeoSy_va,1.0
erwiiiiiiiiiiin,1.0
fimpires,1.0
Coilythoughts,1.0
CocoaDaisyKits,1.0
PrintersPost1,1.0
ron_duprattford,1.0
Tim_Chirkov,1.0
BiggieDelien,1.0
AmericanIronMag,1.0
xKunay,1.0
A23K12,1.0
0Gisselle0,1.0
steph391973,1.0
nanapatty1369,1.0
shahir_raj,1.0
sstoner07,1.0
UrologyCareFdn,1.0
BiLover666,1.0
SpotcapAU,1.0
naosumelife,1.0
dutchessfair,1.0
TheOldRep,1.0
filmy_freak,1.0
Sir_Templar,1.0
Winkworth_WE,1.0
money87775413,1.0
virgi_anastasya,1.0
Barginbook_Man,1.0
IgniteSoPlacer,1.0
heathermoire,1.0
DJKontrol,1.0
KawasakiFans,1.0
EMEARecruiter,1.0
i_m_d_iskur_m_e,1.0
NWYC,1.0
mallory67722,1.0
rossanakiekeben,1.0
iFateCapricorn,1.0
angelikamaria_,1.0
PEechochamber,1.0
ARD703,1.0
shopiPad,1.0
Daniela76256500,1.0
rand99j,1.0
arnonsanonoi3,1.0
Boston_Jobsite,1.0
CvilleSLC,1.0
Ynnejzedlav,1.0
StLouisMB,1.0
stpaulscary,1.0
AndreaGoiburu,1.0
KY_NOW,1.0
UjalaShah11,1.0
GoldbergSegalla,1.0
JohnMongiovi,1.0
DespairGB,1.0
socialwire878,1.0
WINDAAG,1.0
rgoswami99,1.0
foolsgold_horan,1.0
GYROTONICCLEV,1.0
lcash80,1.0
qapopycajif,1.0
abnewsind,1.0
enbyjirou,1.0
MGMIntraday,1.0
MyNaijaFamily,1.0
arenastage,1.0
DDW73,1.0
Streetz_Frm_4RB,1.0
SCProotme,1.0
BuckyBadger643,1.0
LindsayReagan1,1.0
InsideNoVA,1.0
amibennett,1.0
Saif_Bin01,1.0
BergmannKord,1.0
Jeshargiedan,1.0
thispxrpose,1.0
AElkasrawey,1.0
misslisagreen,1.0
GasmicMusic,1.0
Illuminati_TV,1.0
Questcuties,1.0
Amainethology,1.0
MadeInB_be,1.0
dollytopsy,1.0
Wmah1B,1.0
MedBook,1.0
airstripio,1.0
cuwutahedyfe,1.0
38370ba0e6c644a,1.0
TheLSECourse,1.0
RickGosserMr,1.0
OnlineBaitShop,1.0
OPTreasure123,1.0
2cuteink,1.0
LansingBrown,1.0
wpsolu,1.0
MatthewChapma15,1.0
MahealaniWilbur,1.0
luffjduf1,1.0
tubesa_jennifer,1.0
MKEN_UEA,1.0
RobProSporcle,1.0
HealthMovement,1.0
KyleBihlmeyer,1.0
viviane84730125,1.0
business_pr,1.0
The_Mandale,1.0
muhdizz13,1.0
CCWoodmore,1.0
jsnsntz,1.0
ahmedaldaoudy,1.0
BhartenduRoy,1.0
kobkiatr,1.0
tlrelf,1.0
TobiasSchfer3,1.0
meganslipstick,1.0
Garf155,1.0
tammyandjerryp,1.0
k8baldwin1,1.0
BiWiBlog,1.0
NCCommunityFdn,1.0
ThoughtReach,1.0
llmrt3,1.0
gendisasters,1.0
almarocha25,1.0
TrackUniversity,1.0
VOSTamericas,1.0
PennNajah385,1.0
Leisure_Fitness,1.0
mrawhide5,1.0
zeibak1,1.0
baileyvarble,1.0
HelenPolhill,1.0
Bernadosleanna,1.0
9689f2884b8e4d6,1.0
vezakeragadu,1.0
SlickText,1.0
DominicWitten,1.0
lewisbishop1,1.0
toshi04214438,1.0
perclickcash,1.0
Quokkatesting,1.0
Thevillagesw,1.0
MaxPromote,1.0
jonnathan888,1.0
carnegiePI,1.0
rsm3259,1.0
KapuzaMs,1.0
Happy_aa1,1.0
gettscene,1.0
lunevykafes,1.0
nory2264543481,1.0
Text_Request,1.0
howjenaltan,1.0
bieber01_rt,1.0
PortugalEnglish,1.0
brainykid007,1.0
MACVIVAGLAMFund,1.0
eurodressage,1.0
TommyGrey2,1.0
rscottharrison,1.0
icots_io,1.0
hannahbeila,1.0
CarolGuzmanz,1.0
OffSReidFansite,1.0
thehiphicks,1.0
DigMedGhost,1.0
Krisvintclothin,1.0
itsfino1,1.0
enzo1678,1.0
Gigilyn1023,1.0
RPsFeeling,1.0
Emanuel_TheDmon,1.0
DrTomMartinPhD,1.0
Twinbee1970,1.0
EsmeraldaKiczek,1.0
louietheownah,1.0
henchthumb,1.0
3thb511,1.0
1152624769,1.0
lvping7788,1.0
WavemStudios,1.0
gvmpavankumar53,1.0
AntJimenant,1.0
fefebat,1.0
azamuddinarsad,1.0
aserrano1001,1.0
247sportsdaily8,1.0
KalaniBallFree,1.0
jjang_mini,1.0
david54733,1.0
G3ZB6CGqQ9l6Svo,1.0
BeatingHerUnder,1.0
eggiepay,1.0
JanaNeumann4,1.0
BrianDEvans,1.0
BharadwajMutal1,1.0
Steffanygoncal3,1.0
MettlerGigi,1.0
understandme418,1.0
iamsoftware_inc,1.0
teiio50,1.0
Animal_Rights_Y,1.0
Schoochwellard,1.0
NicoMaturana1,1.0
SandipPan123,1.0
selaheng,1.0
HenrySm04207064,1.0
van_nilson,1.0
tderincquesen,1.0
sweetestscoop,1.0
sebasti34395859,1.0
CAA_Official,1.0
AshleyJ14447621,1.0
eriiqaaa,1.0
TheDailyEdge,1.0
YoanVendittelli,1.0
hakan_106,1.0
ihtcoin,1.0
abooaa1229,1.0
funky_1973,1.0
liban_27,1.0
visuallover2007,1.0
EMC_DJ,1.0
Only1Goldy,1.0
davidycijtxr,1.0
TeamOurBieber,1.0
srinath17121990,1.0
DistributeMyCV,1.0
baba_gang,1.0
AliDesign01,1.0
Alanoboy1,1.0
shishivani1,1.0
jimmyika14,1.0
0Wesley1,1.0
AsiaM_VIP,1.0
PeluqueriasLD,1.0
Redstone4MASTER,1.0
ForBarnet,1.0
brookiee232,1.0
Lulabro11,1.0
wishluan,1.0
marstu67,1.0
Pizza_doBruno,1.0
MrGtexas_,1.0
laurent17690,1.0
OTruta,1.0
AviaGmail,1.0
WoodyCarbonez,1.0
Shami_Das,1.0
cdalybm,1.0
meladlove54,1.0
iluvme87767401,1.0
Animalesdogs,1.0
Jcsbeatpage,1.0
BigboxWww,1.0
DelenaShow,1.0
brunosrayban,1.0
scarylatti384,1.0
PompoMompo,1.0
omeroktayball,1.0
goncaozyurt1,1.0
djwaynemccardle,1.0
JitsWeb,1.0
AranchaPlata,1.0
ardautku1,1.0
lisatroutman2,1.0
kevinwhitsitt77,1.0
Jeroen13526132,1.0
SkilletUltmate,1.0
Adam4Sian,1.0
books2delight,1.0
tolisv,1.0
chgonhou,1.0
victorRocco77,1.0
___a16,1.0
JuniorJoely,1.0
DocFP,1.0
djones95yahoo,1.0
tucu_egea,1.0
Justynka182,1.0
KUERT_Germany,1.0
Ali__CBA,1.0
estebansonxd,1.0
JuicyAmpik,1.0
palmerspenc,1.0
experttaiwo,1.0
LaurelRanah3982,1.0
RolevsPlay,1.0
ola25012003,1.0
chenyz163,1.0
coreacom,1.0
RENA_816614,1.0
ByronErnest,1.0
Keesan_8269,1.0
JaydenSierra,1.0
____Hayley____,1.0
Scaramucci,1.0
michaelmallon8,1.0
FatSkinnyGrl,1.0
MattsMickeyEars,1.0
avinute,1.0
llogarmadon,1.0
Lilly0400,1.0
rvinnovcenter,1.0
Andy_OSullivan,1.0
shabirkhan3,1.0
lornadocherty,1.0
CryptoLeos,1.0
cleoxrecovering,1.0
memetbanu,1.0
EinarHavsteen,1.0
MadridRealES,1.0
Directionner_40,1.0
Preggoluffa,1.0
MelanieSwolfe,1.0
Jessica65761588,1.0
rainsperfume,1.0
hsj6104,1.0
icha_ayank,1.0
comemelo20,1.0
Dala__3311,1.0
bruuuh_3,1.0
Brandi9099,1.0
BeatriceYakubu2,1.0
chiefdickenball,1.0
Col0905Dpl,1.0
ibeto_89,1.0
bakesbrunches,1.0
sergio_fenandez,1.0
Laurenasaurus95,1.0
DirtyPapy,1.0
destmf,1.0
JullyMiri_xxt,1.0
cyccyc03,1.0
Pug_Warlord,1.0
paraolife,1.0
treyTheyoungsta,1.0
ExecAutosCars,1.0
DarkoneOfDamned,1.0
CIF_Team,1.0
BarraultJean,1.0
sagopakajmerfk,1.0
Obielicious,1.0
item522,1.0
fikret_karakaya,1.0
VicVersa1992,1.0
aspen_soffe,1.0
BrunoBernier1,1.0
alexgarcia_jpg,1.0
BigDimesBets,1.0
ajcampos01,1.0
dgmario,1.0
laurynbettles,1.0
TomOld123,1.0
jonghoekjung,1.0
Jeremy0405,1.0
DieGui98,1.0
cabimero11,1.0
mauricefreedman,1.0
Chico_Mills,1.0
DinahMightLaugh,1.0
ghanem2073,1.0
KingRosea,1.0
eike_humor,1.0
_itsrenn,1.0
ross13581,1.0
KaneNosh,1.0
gabrielalindade,1.0
weskem,1.0
gokar2241,1.0
H2Biblehimer,1.0
cl_ilona,1.0
NaveedAhmed17,1.0
ana1_2011,1.0
RTtheBEST,1.0
cbswith3,1.0
ragonro66,1.0
kinhdoanhflc,1.0
AsatruWoman,1.0
Ricalino92,1.0
LyzbethSolis1,1.0
rich_succ,1.0
Ervasukses99,1.0
opazarr,1.0
TrevorLeWoof,1.0
toozab,1.0
ironikadamm,1.0
TheSonOfRice,1.0
Gq45W,1.0
coinhealth1,1.0
martin100_eric,1.0
Stinkypiglet1,1.0
THISISTCO,1.0
armadilov,1.0
LiddellRachelle,1.0
JosphElsen,1.0
sureshguntha,1.0
SIbraheim,1.0
clothingwearau,1.0
chosenonewins,1.0
_AaronOfficial,1.0
allin1prank,1.0
GeekSpeak12,1.0
rumeysavrils,1.0
nursekars,1.0
GBSales,1.0
conormccarthy8,1.0
emmahuntart,1.0
Keelin_McMann,1.0
tristin000,1.0
startup_takeoff,1.0
zantefamily17,1.0
EleonoraDiCroce,1.0
Cr7Fran4ever,1.0
Eugenio_Sk,1.0
aothitis,1.0
iLY_LilChuckee,1.0
UnionJArmy_JJ,1.0
CainKacain,1.0
KILLER8719,1.0
fGgardiner,1.0
hdkim0425,1.0
FatosBrisados,1.0
CEVDETKAVLAK,1.0
sofkhaneland,1.0
jonnie1988,1.0
isuru6607,1.0
O2__KSA,1.0
LuxuryPhotoTour,1.0
bieber_boy2,1.0
ADevotedYogi,1.0
mobasharahmed,1.0
kaiji_official,1.0
leahbearhart,1.0
narniall,1.0
stojkovic_alex,1.0
JimBrantley4,1.0
MarcePCsolution,1.0
mich_lamb,1.0
FuckLeSysteme_,1.0
7121990CHATHURA,1.0
Djauahsushshh,1.0
anita2371,1.0
tillyparker13,1.0
AlbuAnaMaria28,1.0
snowblindguy,1.0
Eat_Mhy_Beauty,1.0
bitchy1996,1.0
NadirOfc,1.0
chochanchan,1.0
William13Dinham,1.0
IsabellaManetti,1.0
Koningin_BE,1.0
SalmanIShah1,1.0
Carmen_kristina,1.0
johnhall,1.0
Guttabutta__,1.0
GewoonRobbert,1.0
Tees4LGBT,1.0
Dips_Rocks,1.0
dalewagner38,1.0
ProphetNyce,1.0
diias_naanda,1.0
TheJonasSet,1.0
JM1249,1.0
Dieg0Portillo,1.0
johncena61900,1.0
Whitney014xEH,1.0
EngCivilGio,1.0
24Jaredbish,1.0
candrayadi,1.0
2011conectados,1.0
Bryana_arnold,1.0
kamilion10,1.0
seveno70,1.0
jackie_419,1.0
sdw54,1.0
Madieeeeeeeeee,1.0
DeclanYetiNicol,1.0
ElizmiOfficial,1.0
optimisticmom12,1.0
Siir_Sokaktadir,1.0
Aridego,1.0
Insomnisa001,1.0
Tshawjr65,1.0
TomHall,1.0
EisCanuck,1.0
Michelle_M21,1.0
yasinerofc,1.0
sebaas47,1.0
rogers_dani7,1.0
LoveandRoad,1.0
pasadviral,1.0
Cammy_Beleen,1.0
MorrisPrank,1.0
MarsNigguh,1.0
NewYorkS0ul,1.0
nadezhdalaular,1.0
mrkingdomo,1.0
aussieontheroad,1.0
FcoAssisFreitas,1.0
Dillido,1.0
camiiibieber123,1.0
KB_Locks,1.0
clout_bruh,1.0
tomjpalamattam,1.0
ina_sarra,1.0
PankajPatil2557,1.0
thalimede,1.0
05neaL,1.0
CARLOSRucco,1.0
sylvesterimhara,1.0
a_dudko,1.0
ashleyml09,1.0
taylaahhjayhde,1.0
LiveLoveNiall,1.0
Chandra1Vinod,1.0
MrcampingT,1.0
HeinzMarketing,1.0
szymonpindel,1.0
imrankh24822201,1.0
Andr10xa,1.0
spullara_sl,1.0
alvaroperey,1.0
katyartist2015,1.0
BeachBoi321,1.0
JimmyDeRoche,1.0
_honorio2012,1.0
WilliamBrodskyy,1.0
dejuan_kyle,1.0
yanghuyy,1.0
NatsuIDragneel9,1.0
MurrayNewlands,1.0
Jmora124,1.0
frederik2011200,1.0
Champ_Payne,1.0
deonessdawins12,1.0
budiartbjh,1.0
LFC,1.0
StreetwearPIugs,1.0
prankdialroxxxx,1.0
poksystems,1.0
pXaUfGvfA3tDsD2,1.0
momo03071,1.0
goeyens,1.0
bastrikdoriang2,1.0
Pwk1012,1.0
HungUpOnABitch,1.0
sexii_Fitness,1.0
Pete_EC,1.0
angle198427,1.0
reiniere2015,1.0
drollis99,1.0
nebevimesaj,1.0
Cmiina,1.0
T34M_Cut3N355,1.0
ElenaMcAdams3,1.0
piramikim,1.0
aliciama118,1.0
b60_n,1.0
icoretweets,1.0
photo_ace,1.0
franbaarbosa,1.0
iPragmatico,1.0
LorriesYeung,1.0
lovemelody95,1.0
AlexandraFansWW,1.0
QueenDiana999,1.0
Fabiano20800607,1.0
a9be06b23b0d418,1.0
GoddenBrittany,1.0
WaynejrHaro,1.0
hamedidir,1.0
ValueConcepts,1.0
VedicSage,1.0
KaraDeMonae,1.0
xKeyti,1.0
neoseol,1.0
QuoteGirltruth,1.0
genuis0523,1.0
Freebies_Canada,1.0
bullyginge,1.0
ahmedzizo66,1.0
princess0eni,1.0
Gloat_com,1.0
PaddyDonnell,1.0
samoc347_sam,1.0
gary_p_corcoran,1.0
RobKeating,1.0
Thao_cholding,1.0
exismusic,1.0
gjhhfgjj,1.0
Nappies4Charity,1.0
UNeed2LawyerUp,1.0
rixonlou,1.0
Obsession_19a,1.0
Caleb_Oluwa,1.0
mrboiko1,1.0
King_Keyword,1.0
JocipSarmiento,1.0
jeremonian,1.0
mvpsos9,1.0
pennyholntlworl,1.0
garcia7786,1.0
nyleve_eav,1.0
pocari12345,1.0
GusCook1,1.0
seanryanh,1.0
samson_roma,1.0
CynnaLynn143,1.0
Mag1c_Marcus,1.0
MjhzJamu,1.0
hiphop2321,1.0
BryanKilvinski,1.0
sheriffjamie,1.0
sheallen2000,1.0
MillsReggie,1.0
yayoshair,1.0
LucaRossi369,1.0
djkingassassin,1.0
sheharyar1234,1.0
indieboyboy,1.0
ProfRobStew,1.0
ignoreance,1.0
hannibalgrueso,1.0
ardicsyarif,1.0
MSD411,1.0
ithinksthatways,1.0
agnaldoduble,1.0
5ain8,1.0
iGoogleBieber,1.0
Sheluvsports,1.0
navash73,1.0
WorldEliteSyn,1.0
hbcy79,1.0
satalymike,1.0
2CkQqStfJf9U8tY,1.0
visit2007,1.0
dhanunjaydinesh,1.0
NiallAshe,1.0
alaghaarts8,1.0
jaygirl212,1.0
jatin4love,1.0
atabenli,1.0
Londonjaney,1.0
Angelina_babyx3,1.0
rahul_rahulx988,1.0
FinalFantasyRef,1.0
tacollama2,1.0
AleksandrZorin,1.0
Bryan700,1.0
LoeKotryna,1.0
dariojuve03,1.0
ilarefimov1987,1.0
malupcial,1.0
RIA1506,1.0
MissLeanaLee,1.0
BrianLeeRobinso,1.0
stressfreeme86,1.0
TalhaVlogs,1.0
Taylor_Kathrynh,1.0
saddiqueish,1.0
quispe_unico,1.0
BillyClarksonnn,1.0
aassppmm,1.0
ktanaka13,1.0
princess_dosah,1.0
BeautifulArtMe,1.0
badgalririUK,1.0
am7366,1.0
comyusho_game,1.0
zafirakalisha,1.0
svenskannika,1.0
BlackieCanela,1.0
MilitaryReport1,1.0
__tomcusack,1.0
Akhnos,1.0
CCGS_SousVide,1.0
noblesixxx76,1.0
Kang_eun_sun,1.0
worshipflow,1.0
TheBillsZone_,1.0
airogame,1.0
herbertfhugo,1.0
thaismessias3,1.0
joydeep_in,1.0
wutCaiss,1.0
Ateball76,1.0
aurelias_alaura,1.0
J3basketball,1.0
Kyler_Sun,1.0
BlahhOreo,1.0
Follow123Go,1.0
NevaehStarlee,1.0
KentMoran,1.0
jayflymastering,1.0
jenny84728667,1.0
KingAssassin5,1.0
whofkc,1.0
kreem_lave,1.0
DHPRECORDS,1.0
asyraafadnan,1.0
derein_lights,1.0
caio_deves,1.0
JessicaLaurenMa,1.0
ParkashBrar1,1.0
cemancsh,1.0
francis2g3,1.0
fredutz,1.0
OndraDobe,1.0
inmortal_garen,1.0
VolcanicElement,1.0
AdriaWingate,1.0
Julissa90210,1.0
theJeffCowan,1.0
AinhoaLove69,1.0
larson_cardwell,1.0
ayeshaahamed,1.0
Darren00964175,1.0
pili_calzado,1.0
edupinto101,1.0
parketOdessa,1.0
nice2887,1.0
JaeJYJJJ,1.0
vinaybahirwani,1.0
holland_zoey,1.0
gmranspecial,1.0
Sassy_Kassy37,1.0
MrVegas2020,1.0
nastyrck,1.0
ESTRESTAR,1.0
Ideasnquotes,1.0
christinebaril,1.0
anson6453,1.0
aa_jon,1.0
mo352010,1.0
maliarooms,1.0
SupraMan1989,1.0
muratah27469096,1.0
guowei534,1.0
breendacarc,1.0
badw0lf19,1.0
rombookpromo,1.0
rabialoveszayn,1.0
greaterthandave,1.0
ZaneRodriguez1,1.0
BeWarmers,1.0
